m,TagName,
"2008-07-01 00:00:00","c#","3"
"2008-08-01 00:00:00","assembly","8"
"2008-08-01 00:00:00","c","82"
"2008-08-01 00:00:00","c#","503"
"2008-08-01 00:00:00","c++","164"
"2008-08-01 00:00:00","delphi","13"
"2008-08-01 00:00:00","java","220"
"2008-08-01 00:00:00","javascript","160"
"2008-08-01 00:00:00","perl","28"
"2008-08-01 00:00:00","php","157"
"2008-08-01 00:00:00","python","119"
"2008-08-01 00:00:00","ruby","68"
"2008-09-01 00:00:00","assembly","28"
"2008-09-01 00:00:00","c","320"
"2008-09-01 00:00:00","c#","1636"
"2008-09-01 00:00:00","c++","749"
"2008-09-01 00:00:00","delphi","104"
"2008-09-01 00:00:00","java","1119"
"2008-09-01 00:00:00","javascript","629"
"2008-09-01 00:00:00","perl","128"
"2008-09-01 00:00:00","php","471"
"2008-09-01 00:00:00","python","533"
"2008-09-01 00:00:00","r","6"
"2008-09-01 00:00:00","ruby","285"
"2008-10-01 00:00:00","assembly","16"
"2008-10-01 00:00:00","c","302"
"2008-10-01 00:00:00","c#","1982"
"2008-10-01 00:00:00","c++","804"
"2008-10-01 00:00:00","delphi","112"
"2008-10-01 00:00:00","java","1142"
"2008-10-01 00:00:00","javascript","721"
"2008-10-01 00:00:00","perl","128"
"2008-10-01 00:00:00","php","603"
"2008-10-01 00:00:00","python","504"
"2008-10-01 00:00:00","ruby","245"
"2008-11-01 00:00:00","assembly","16"
"2008-11-01 00:00:00","c","257"
"2008-11-01 00:00:00","c#","1727"
"2008-11-01 00:00:00","c++","733"
"2008-11-01 00:00:00","delphi","139"
"2008-11-01 00:00:00","java","951"
"2008-11-01 00:00:00","javascript","581"
"2008-11-01 00:00:00","perl","97"
"2008-11-01 00:00:00","php","497"
"2008-11-01 00:00:00","python","446"
"2008-11-01 00:00:00","r","1"
"2008-11-01 00:00:00","ruby","154"
"2008-12-01 00:00:00","assembly","17"
"2008-12-01 00:00:00","c","188"
"2008-12-01 00:00:00","c#","1593"
"2008-12-01 00:00:00","c++","630"
"2008-12-01 00:00:00","delphi","133"
"2008-12-01 00:00:00","java","825"
"2008-12-01 00:00:00","javascript","625"
"2008-12-01 00:00:00","perl","133"
"2008-12-01 00:00:00","php","471"
"2008-12-01 00:00:00","python","437"
"2008-12-01 00:00:00","r","1"
"2008-12-01 00:00:00","ruby","159"
"2009-01-01 00:00:00","assembly","22"
"2009-01-01 00:00:00","c","317"
"2009-01-01 00:00:00","c#","2367"
"2009-01-01 00:00:00","c++","844"
"2009-01-01 00:00:00","delphi","163"
"2009-01-01 00:00:00","java","1140"
"2009-01-01 00:00:00","javascript","787"
"2009-01-01 00:00:00","perl","145"
"2009-01-01 00:00:00","php","622"
"2009-01-01 00:00:00","python","630"
"2009-01-01 00:00:00","r","8"
"2009-01-01 00:00:00","ruby","205"
"2009-01-01 00:00:00","swift","1"
"2009-02-01 00:00:00","assembly","36"
"2009-02-01 00:00:00","c","332"
"2009-02-01 00:00:00","c#","2595"
"2009-02-01 00:00:00","c++","841"
"2009-02-01 00:00:00","delphi","165"
"2009-02-01 00:00:00","java","1200"
"2009-02-01 00:00:00","javascript","944"
"2009-02-01 00:00:00","perl","162"
"2009-02-01 00:00:00","php","746"
"2009-02-01 00:00:00","python","630"
"2009-02-01 00:00:00","r","8"
"2009-02-01 00:00:00","ruby","286"
"2009-02-01 00:00:00","swift","1"
"2009-03-01 00:00:00","assembly","24"
"2009-03-01 00:00:00","c","428"
"2009-03-01 00:00:00","c#","3153"
"2009-03-01 00:00:00","c++","1044"
"2009-03-01 00:00:00","delphi","161"
"2009-03-01 00:00:00","java","1424"
"2009-03-01 00:00:00","javascript","1006"
"2009-03-01 00:00:00","perl","136"
"2009-03-01 00:00:00","php","889"
"2009-03-01 00:00:00","python","764"
"2009-03-01 00:00:00","r","4"
"2009-03-01 00:00:00","ruby","329"
"2009-03-01 00:00:00","swift","1"
"2009-04-01 00:00:00","assembly","50"
"2009-04-01 00:00:00","c","454"
"2009-04-01 00:00:00","c#","3301"
"2009-04-01 00:00:00","c++","1015"
"2009-04-01 00:00:00","delphi","185"
"2009-04-01 00:00:00","java","1525"
"2009-04-01 00:00:00","javascript","1040"
"2009-04-01 00:00:00","perl","161"
"2009-04-01 00:00:00","php","942"
"2009-04-01 00:00:00","python","768"
"2009-04-01 00:00:00","r","12"
"2009-04-01 00:00:00","ruby","356"
"2009-05-01 00:00:00","assembly","46"
"2009-05-01 00:00:00","c","477"
"2009-05-01 00:00:00","c#","3546"
"2009-05-01 00:00:00","c++","1210"
"2009-05-01 00:00:00","delphi","202"
"2009-05-01 00:00:00","java","1810"
"2009-05-01 00:00:00","javascript","1427"
"2009-05-01 00:00:00","perl","196"
"2009-05-01 00:00:00","php","1161"
"2009-05-01 00:00:00","python","995"
"2009-05-01 00:00:00","r","2"
"2009-05-01 00:00:00","ruby","400"
"2009-05-01 00:00:00","swift","2"
"2009-06-01 00:00:00","assembly","47"
"2009-06-01 00:00:00","c","498"
"2009-06-01 00:00:00","c#","3869"
"2009-06-01 00:00:00","c++","1248"
"2009-06-01 00:00:00","delphi","220"
"2009-06-01 00:00:00","java","2108"
"2009-06-01 00:00:00","javascript","1546"
"2009-06-01 00:00:00","perl","245"
"2009-06-01 00:00:00","php","1562"
"2009-06-01 00:00:00","python","1038"
"2009-06-01 00:00:00","r","5"
"2009-06-01 00:00:00","ruby","431"
"2009-07-01 00:00:00","assembly","32"
"2009-07-01 00:00:00","c","537"
"2009-07-01 00:00:00","c#","4400"
"2009-07-01 00:00:00","c++","1462"
"2009-07-01 00:00:00","delphi","269"
"2009-07-01 00:00:00","java","2249"
"2009-07-01 00:00:00","javascript","1751"
"2009-07-01 00:00:00","perl","256"
"2009-07-01 00:00:00","php","1996"
"2009-07-01 00:00:00","python","1158"
"2009-07-01 00:00:00","r","49"
"2009-07-01 00:00:00","ruby","498"
"2009-08-01 00:00:00","assembly","47"
"2009-08-01 00:00:00","c","529"
"2009-08-01 00:00:00","c#","4439"
"2009-08-01 00:00:00","c++","1395"
"2009-08-01 00:00:00","delphi","246"
"2009-08-01 00:00:00","java","2184"
"2009-08-01 00:00:00","javascript","1855"
"2009-08-01 00:00:00","perl","248"
"2009-08-01 00:00:00","php","2160"
"2009-08-01 00:00:00","python","1130"
"2009-08-01 00:00:00","r","47"
"2009-08-01 00:00:00","ruby","483"
"2009-08-01 00:00:00","swift","3"
"2009-09-01 00:00:00","assembly","62"
"2009-09-01 00:00:00","c","572"
"2009-09-01 00:00:00","c#","4345"
"2009-09-01 00:00:00","c++","1461"
"2009-09-01 00:00:00","delphi","251"
"2009-09-01 00:00:00","java","2255"
"2009-09-01 00:00:00","javascript","1755"
"2009-09-01 00:00:00","perl","247"
"2009-09-01 00:00:00","php","2239"
"2009-09-01 00:00:00","python","1167"
"2009-09-01 00:00:00","r","138"
"2009-09-01 00:00:00","ruby","477"
"2009-09-01 00:00:00","swift","3"
"2009-10-01 00:00:00","assembly","73"
"2009-10-01 00:00:00","c","770"
"2009-10-01 00:00:00","c#","4715"
"2009-10-01 00:00:00","c++","1682"
"2009-10-01 00:00:00","delphi","254"
"2009-10-01 00:00:00","java","2496"
"2009-10-01 00:00:00","javascript","2042"
"2009-10-01 00:00:00","perl","281"
"2009-10-01 00:00:00","php","2334"
"2009-10-01 00:00:00","python","1413"
"2009-10-01 00:00:00","r","73"
"2009-10-01 00:00:00","ruby","491"
"2009-10-01 00:00:00","swift","1"
"2009-11-01 00:00:00","assembly","82"
"2009-11-01 00:00:00","c","958"
"2009-11-01 00:00:00","c#","4673"
"2009-11-01 00:00:00","c++","1744"
"2009-11-01 00:00:00","delphi","273"
"2009-11-01 00:00:00","go","65"
"2009-11-01 00:00:00","java","2752"
"2009-11-01 00:00:00","javascript","2231"
"2009-11-01 00:00:00","perl","322"
"2009-11-01 00:00:00","php","2659"
"2009-11-01 00:00:00","python","1548"
"2009-11-01 00:00:00","r","93"
"2009-11-01 00:00:00","ruby","653"
"2009-11-01 00:00:00","swift","3"
"2009-12-01 00:00:00","assembly","62"
"2009-12-01 00:00:00","c","848"
"2009-12-01 00:00:00","c#","4478"
"2009-12-01 00:00:00","c++","1650"
"2009-12-01 00:00:00","delphi","281"
"2009-12-01 00:00:00","go","11"
"2009-12-01 00:00:00","java","2673"
"2009-12-01 00:00:00","javascript","2298"
"2009-12-01 00:00:00","perl","261"
"2009-12-01 00:00:00","php","2787"
"2009-12-01 00:00:00","python","1583"
"2009-12-01 00:00:00","r","80"
"2009-12-01 00:00:00","ruby","570"
"2009-12-01 00:00:00","swift","1"
"2010-01-01 00:00:00","assembly","100"
"2010-01-01 00:00:00","c","977"
"2010-01-01 00:00:00","c#","5105"
"2010-01-01 00:00:00","c++","1994"
"2010-01-01 00:00:00","delphi","302"
"2010-01-01 00:00:00","go","15"
"2010-01-01 00:00:00","java","3714"
"2010-01-01 00:00:00","javascript","2617"
"2010-01-01 00:00:00","perl","299"
"2010-01-01 00:00:00","php","3401"
"2010-01-01 00:00:00","python","1932"
"2010-01-01 00:00:00","r","93"
"2010-01-01 00:00:00","ruby","682"
"2010-02-01 00:00:00","assembly","69"
"2010-02-01 00:00:00","c","1034"
"2010-02-01 00:00:00","c#","5088"
"2010-02-01 00:00:00","c++","2274"
"2010-02-01 00:00:00","delphi","283"
"2010-02-01 00:00:00","go","7"
"2010-02-01 00:00:00","java","3568"
"2010-02-01 00:00:00","javascript","2635"
"2010-02-01 00:00:00","perl","347"
"2010-02-01 00:00:00","php","3131"
"2010-02-01 00:00:00","python","1860"
"2010-02-01 00:00:00","r","122"
"2010-02-01 00:00:00","ruby","686"
"2010-02-01 00:00:00","swift","2"
"2010-03-01 00:00:00","assembly","123"
"2010-03-01 00:00:00","c","1112"
"2010-03-01 00:00:00","c#","6020"
"2010-03-01 00:00:00","c++","2427"
"2010-03-01 00:00:00","delphi","316"
"2010-03-01 00:00:00","go","8"
"2010-03-01 00:00:00","java","4434"
"2010-03-01 00:00:00","javascript","2983"
"2010-03-01 00:00:00","perl","390"
"2010-03-01 00:00:00","php","3704"
"2010-03-01 00:00:00","python","2067"
"2010-03-01 00:00:00","r","139"
"2010-03-01 00:00:00","ruby","692"
"2010-03-01 00:00:00","swift","1"
"2010-04-01 00:00:00","assembly","124"
"2010-04-01 00:00:00","c","1179"
"2010-04-01 00:00:00","c#","5767"
"2010-04-01 00:00:00","c++","2486"
"2010-04-01 00:00:00","delphi","268"
"2010-04-01 00:00:00","go","10"
"2010-04-01 00:00:00","java","3867"
"2010-04-01 00:00:00","javascript","3008"
"2010-04-01 00:00:00","perl","363"
"2010-04-01 00:00:00","php","3624"
"2010-04-01 00:00:00","python","1805"
"2010-04-01 00:00:00","r","160"
"2010-04-01 00:00:00","ruby","751"
"2010-04-01 00:00:00","swift","2"
"2010-05-01 00:00:00","assembly","107"
"2010-05-01 00:00:00","c","1176"
"2010-05-01 00:00:00","c#","5919"
"2010-05-01 00:00:00","c++","2412"
"2010-05-01 00:00:00","delphi","279"
"2010-05-01 00:00:00","go","17"
"2010-05-01 00:00:00","java","4160"
"2010-05-01 00:00:00","javascript","3229"
"2010-05-01 00:00:00","perl","286"
"2010-05-01 00:00:00","php","3948"
"2010-05-01 00:00:00","python","2008"
"2010-05-01 00:00:00","r","139"
"2010-05-01 00:00:00","ruby","775"
"2010-05-01 00:00:00","swift","1"
"2010-06-01 00:00:00","assembly","90"
"2010-06-01 00:00:00","c","1148"
"2010-06-01 00:00:00","c#","6130"
"2010-06-01 00:00:00","c++","2817"
"2010-06-01 00:00:00","delphi","329"
"2010-06-01 00:00:00","go","15"
"2010-06-01 00:00:00","java","4270"
"2010-06-01 00:00:00","javascript","3472"
"2010-06-01 00:00:00","perl","409"
"2010-06-01 00:00:00","php","4055"
"2010-06-01 00:00:00","python","2200"
"2010-06-01 00:00:00","r","176"
"2010-06-01 00:00:00","ruby","850"
"2010-06-01 00:00:00","swift","4"
"2010-07-01 00:00:00","assembly","97"
"2010-07-01 00:00:00","c","1281"
"2010-07-01 00:00:00","c#","6671"
"2010-07-01 00:00:00","c++","2671"
"2010-07-01 00:00:00","delphi","333"
"2010-07-01 00:00:00","go","8"
"2010-07-01 00:00:00","java","4498"
"2010-07-01 00:00:00","javascript","3876"
"2010-07-01 00:00:00","perl","435"
"2010-07-01 00:00:00","php","4559"
"2010-07-01 00:00:00","python","2576"
"2010-07-01 00:00:00","r","233"
"2010-07-01 00:00:00","ruby","908"
"2010-07-01 00:00:00","swift","1"
"2010-08-01 00:00:00","assembly","86"
"2010-08-01 00:00:00","c","1364"
"2010-08-01 00:00:00","c#","6949"
"2010-08-01 00:00:00","c++","2622"
"2010-08-01 00:00:00","delphi","353"
"2010-08-01 00:00:00","go","13"
"2010-08-01 00:00:00","java","4692"
"2010-08-01 00:00:00","javascript","3991"
"2010-08-01 00:00:00","perl","544"
"2010-08-01 00:00:00","php","5086"
"2010-08-01 00:00:00","python","2488"
"2010-08-01 00:00:00","r","283"
"2010-08-01 00:00:00","ruby","990"
"2010-08-01 00:00:00","swift","2"
"2010-09-01 00:00:00","assembly","117"
"2010-09-01 00:00:00","c","1369"
"2010-09-01 00:00:00","c#","6400"
"2010-09-01 00:00:00","c++","2723"
"2010-09-01 00:00:00","delphi","317"
"2010-09-01 00:00:00","go","9"
"2010-09-01 00:00:00","java","4697"
"2010-09-01 00:00:00","javascript","3989"
"2010-09-01 00:00:00","perl","459"
"2010-09-01 00:00:00","php","4654"
"2010-09-01 00:00:00","python","2244"
"2010-09-01 00:00:00","r","235"
"2010-09-01 00:00:00","ruby","934"
"2010-09-01 00:00:00","swift","2"
"2010-10-01 00:00:00","assembly","123"
"2010-10-01 00:00:00","c","1437"
"2010-10-01 00:00:00","c#","6719"
"2010-10-01 00:00:00","c++","2923"
"2010-10-01 00:00:00","delphi","362"
"2010-10-01 00:00:00","go","13"
"2010-10-01 00:00:00","java","5008"
"2010-10-01 00:00:00","javascript","4097"
"2010-10-01 00:00:00","perl","495"
"2010-10-01 00:00:00","php","4470"
"2010-10-01 00:00:00","python","2666"
"2010-10-01 00:00:00","r","214"
"2010-10-01 00:00:00","ruby","924"
"2010-10-01 00:00:00","swift","1"
"2010-11-01 00:00:00","assembly","164"
"2010-11-01 00:00:00","c","1673"
"2010-11-01 00:00:00","c#","7298"
"2010-11-01 00:00:00","c++","3364"
"2010-11-01 00:00:00","delphi","389"
"2010-11-01 00:00:00","go","16"
"2010-11-01 00:00:00","java","5577"
"2010-11-01 00:00:00","javascript","4533"
"2010-11-01 00:00:00","perl","464"
"2010-11-01 00:00:00","php","5070"
"2010-11-01 00:00:00","python","2598"
"2010-11-01 00:00:00","r","241"
"2010-11-01 00:00:00","ruby","924"
"2010-11-01 00:00:00","swift","1"
"2010-12-01 00:00:00","assembly","125"
"2010-12-01 00:00:00","c","1464"
"2010-12-01 00:00:00","c#","7087"
"2010-12-01 00:00:00","c++","3126"
"2010-12-01 00:00:00","delphi","321"
"2010-12-01 00:00:00","go","18"
"2010-12-01 00:00:00","java","5655"
"2010-12-01 00:00:00","javascript","4943"
"2010-12-01 00:00:00","perl","501"
"2010-12-01 00:00:00","php","5322"
"2010-12-01 00:00:00","python","2468"
"2010-12-01 00:00:00","r","222"
"2010-12-01 00:00:00","ruby","1019"
"2010-12-01 00:00:00","swift","2"
"2011-01-01 00:00:00","assembly","133"
"2011-01-01 00:00:00","c","1456"
"2011-01-01 00:00:00","c#","7968"
"2011-01-01 00:00:00","c++","3479"
"2011-01-01 00:00:00","delphi","368"
"2011-01-01 00:00:00","go","15"
"2011-01-01 00:00:00","java","6520"
"2011-01-01 00:00:00","javascript","5407"
"2011-01-01 00:00:00","perl","473"
"2011-01-01 00:00:00","php","6356"
"2011-01-01 00:00:00","python","2894"
"2011-01-01 00:00:00","r","249"
"2011-01-01 00:00:00","ruby","1201"
"2011-01-01 00:00:00","swift","4"
"2011-02-01 00:00:00","assembly","147"
"2011-02-01 00:00:00","c","1630"
"2011-02-01 00:00:00","c#","8194"
"2011-02-01 00:00:00","c++","3431"
"2011-02-01 00:00:00","delphi","358"
"2011-02-01 00:00:00","go","16"
"2011-02-01 00:00:00","java","6845"
"2011-02-01 00:00:00","javascript","5584"
"2011-02-01 00:00:00","perl","481"
"2011-02-01 00:00:00","php","6650"
"2011-02-01 00:00:00","python","3002"
"2011-02-01 00:00:00","r","322"
"2011-02-01 00:00:00","ruby","1247"
"2011-02-01 00:00:00","swift","5"
"2011-03-01 00:00:00","assembly","193"
"2011-03-01 00:00:00","c","2105"
"2011-03-01 00:00:00","c#","9960"
"2011-03-01 00:00:00","c++","4163"
"2011-03-01 00:00:00","delphi","515"
"2011-03-01 00:00:00","go","3"
"2011-03-01 00:00:00","java","8439"
"2011-03-01 00:00:00","javascript","6737"
"2011-03-01 00:00:00","perl","604"
"2011-03-01 00:00:00","php","8024"
"2011-03-01 00:00:00","python","3738"
"2011-03-01 00:00:00","r","422"
"2011-03-01 00:00:00","ruby","1635"
"2011-03-01 00:00:00","swift","3"
"2011-04-01 00:00:00","assembly","160"
"2011-04-01 00:00:00","c","2031"
"2011-04-01 00:00:00","c#","9245"
"2011-04-01 00:00:00","c++","4154"
"2011-04-01 00:00:00","delphi","400"
"2011-04-01 00:00:00","go","7"
"2011-04-01 00:00:00","java","7878"
"2011-04-01 00:00:00","javascript","6862"
"2011-04-01 00:00:00","perl","549"
"2011-04-01 00:00:00","php","7547"
"2011-04-01 00:00:00","python","3319"
"2011-04-01 00:00:00","r","474"
"2011-04-01 00:00:00","ruby","1474"
"2011-04-01 00:00:00","swift","3"
"2011-05-01 00:00:00","assembly","158"
"2011-05-01 00:00:00","c","1824"
"2011-05-01 00:00:00","c#","9958"
"2011-05-01 00:00:00","c++","3860"
"2011-05-01 00:00:00","delphi","472"
"2011-05-01 00:00:00","go","36"
"2011-05-01 00:00:00","java","8514"
"2011-05-01 00:00:00","javascript","7281"
"2011-05-01 00:00:00","perl","580"
"2011-05-01 00:00:00","php","8025"
"2011-05-01 00:00:00","python","3508"
"2011-05-01 00:00:00","r","425"
"2011-05-01 00:00:00","ruby","1562"
"2011-05-01 00:00:00","swift","1"
"2011-06-01 00:00:00","assembly","139"
"2011-06-01 00:00:00","c","1758"
"2011-06-01 00:00:00","c#","9705"
"2011-06-01 00:00:00","c++","3791"
"2011-06-01 00:00:00","delphi","450"
"2011-06-01 00:00:00","go","34"
"2011-06-01 00:00:00","java","7855"
"2011-06-01 00:00:00","javascript","7648"
"2011-06-01 00:00:00","perl","566"
"2011-06-01 00:00:00","php","7974"
"2011-06-01 00:00:00","python","3453"
"2011-06-01 00:00:00","r","442"
"2011-06-01 00:00:00","ruby","1552"
"2011-06-01 00:00:00","swift","4"
"2011-07-01 00:00:00","assembly","140"
"2011-07-01 00:00:00","c","1654"
"2011-07-01 00:00:00","c#","9549"
"2011-07-01 00:00:00","c++","3834"
"2011-07-01 00:00:00","delphi","428"
"2011-07-01 00:00:00","go","26"
"2011-07-01 00:00:00","java","8116"
"2011-07-01 00:00:00","javascript","8069"
"2011-07-01 00:00:00","perl","657"
"2011-07-01 00:00:00","php","8575"
"2011-07-01 00:00:00","python","3644"
"2011-07-01 00:00:00","r","453"
"2011-07-01 00:00:00","ruby","1576"
"2011-07-01 00:00:00","swift","12"
"2011-08-01 00:00:00","assembly","159"
"2011-08-01 00:00:00","c","1826"
"2011-08-01 00:00:00","c#","9994"
"2011-08-01 00:00:00","c++","3941"
"2011-08-01 00:00:00","delphi","420"
"2011-08-01 00:00:00","go","40"
"2011-08-01 00:00:00","java","8618"
"2011-08-01 00:00:00","javascript","8857"
"2011-08-01 00:00:00","perl","609"
"2011-08-01 00:00:00","php","8817"
"2011-08-01 00:00:00","python","3809"
"2011-08-01 00:00:00","r","586"
"2011-08-01 00:00:00","ruby","1846"
"2011-08-01 00:00:00","swift","8"
"2011-09-01 00:00:00","assembly","154"
"2011-09-01 00:00:00","c","1911"
"2011-09-01 00:00:00","c#","9227"
"2011-09-01 00:00:00","c++","3923"
"2011-09-01 00:00:00","delphi","413"
"2011-09-01 00:00:00","go","26"
"2011-09-01 00:00:00","java","8273"
"2011-09-01 00:00:00","javascript","8123"
"2011-09-01 00:00:00","perl","500"
"2011-09-01 00:00:00","php","7956"
"2011-09-01 00:00:00","python","3501"
"2011-09-01 00:00:00","r","611"
"2011-09-01 00:00:00","ruby","1541"
"2011-09-01 00:00:00","swift","6"
"2011-10-01 00:00:00","assembly","212"
"2011-10-01 00:00:00","c","2136"
"2011-10-01 00:00:00","c#","9141"
"2011-10-01 00:00:00","c++","4326"
"2011-10-01 00:00:00","delphi","463"
"2011-10-01 00:00:00","go","39"
"2011-10-01 00:00:00","java","8483"
"2011-10-01 00:00:00","javascript","7965"
"2011-10-01 00:00:00","perl","554"
"2011-10-01 00:00:00","php","7947"
"2011-10-01 00:00:00","python","3595"
"2011-10-01 00:00:00","r","618"
"2011-10-01 00:00:00","ruby","1598"
"2011-10-01 00:00:00","swift","6"
"2011-11-01 00:00:00","assembly","211"
"2011-11-01 00:00:00","c","2193"
"2011-11-01 00:00:00","c#","9830"
"2011-11-01 00:00:00","c++","4443"
"2011-11-01 00:00:00","delphi","504"
"2011-11-01 00:00:00","go","65"
"2011-11-01 00:00:00","java","9559"
"2011-11-01 00:00:00","javascript","8582"
"2011-11-01 00:00:00","perl","601"
"2011-11-01 00:00:00","php","8570"
"2011-11-01 00:00:00","python","3848"
"2011-11-01 00:00:00","r","605"
"2011-11-01 00:00:00","ruby","1729"
"2011-11-01 00:00:00","swift","4"
"2011-12-01 00:00:00","assembly","227"
"2011-12-01 00:00:00","c","1995"
"2011-12-01 00:00:00","c#","9234"
"2011-12-01 00:00:00","c++","4322"
"2011-12-01 00:00:00","delphi","570"
"2011-12-01 00:00:00","go","52"
"2011-12-01 00:00:00","java","9103"
"2011-12-01 00:00:00","javascript","8252"
"2011-12-01 00:00:00","perl","536"
"2011-12-01 00:00:00","php","8249"
"2011-12-01 00:00:00","python","3596"
"2011-12-01 00:00:00","r","612"
"2011-12-01 00:00:00","ruby","1664"
"2011-12-01 00:00:00","swift","2"
"2012-01-01 00:00:00","assembly","169"
"2012-01-01 00:00:00","c","2211"
"2012-01-01 00:00:00","c#","10298"
"2012-01-01 00:00:00","c++","4507"
"2012-01-01 00:00:00","delphi","507"
"2012-01-01 00:00:00","go","37"
"2012-01-01 00:00:00","java","10045"
"2012-01-01 00:00:00","javascript","9513"
"2012-01-01 00:00:00","perl","560"
"2012-01-01 00:00:00","php","9138"
"2012-01-01 00:00:00","python","4166"
"2012-01-01 00:00:00","r","689"
"2012-01-01 00:00:00","ruby","1880"
"2012-01-01 00:00:00","swift","6"
"2012-02-01 00:00:00","assembly","229"
"2012-02-01 00:00:00","c","2388"
"2012-02-01 00:00:00","c#","10650"
"2012-02-01 00:00:00","c++","5065"
"2012-02-01 00:00:00","delphi","471"
"2012-02-01 00:00:00","go","31"
"2012-02-01 00:00:00","java","10843"
"2012-02-01 00:00:00","javascript","9872"
"2012-02-01 00:00:00","perl","610"
"2012-02-01 00:00:00","php","9768"
"2012-02-01 00:00:00","python","4467"
"2012-02-01 00:00:00","r","811"
"2012-02-01 00:00:00","ruby","2028"
"2012-02-01 00:00:00","swift","9"
"2012-03-01 00:00:00","assembly","260"
"2012-03-01 00:00:00","c","2699"
"2012-03-01 00:00:00","c#","11451"
"2012-03-01 00:00:00","c++","5180"
"2012-03-01 00:00:00","delphi","492"
"2012-03-01 00:00:00","go","47"
"2012-03-01 00:00:00","java","12240"
"2012-03-01 00:00:00","javascript","10593"
"2012-03-01 00:00:00","perl","608"
"2012-03-01 00:00:00","php","10710"
"2012-03-01 00:00:00","python","4989"
"2012-03-01 00:00:00","r","887"
"2012-03-01 00:00:00","ruby","2172"
"2012-03-01 00:00:00","swift","4"
"2012-04-01 00:00:00","assembly","276"
"2012-04-01 00:00:00","c","2656"
"2012-04-01 00:00:00","c#","10961"
"2012-04-01 00:00:00","c++","5256"
"2012-04-01 00:00:00","delphi","479"
"2012-04-01 00:00:00","go","69"
"2012-04-01 00:00:00","java","11884"
"2012-04-01 00:00:00","javascript","10548"
"2012-04-01 00:00:00","perl","595"
"2012-04-01 00:00:00","php","10208"
"2012-04-01 00:00:00","python","4874"
"2012-04-01 00:00:00","r","836"
"2012-04-01 00:00:00","ruby","1946"
"2012-04-01 00:00:00","swift","5"
"2012-05-01 00:00:00","assembly","225"
"2012-05-01 00:00:00","c","2456"
"2012-05-01 00:00:00","c#","11392"
"2012-05-01 00:00:00","c++","4933"
"2012-05-01 00:00:00","delphi","473"
"2012-05-01 00:00:00","go","69"
"2012-05-01 00:00:00","java","12026"
"2012-05-01 00:00:00","javascript","11375"
"2012-05-01 00:00:00","perl","639"
"2012-05-01 00:00:00","php","10766"
"2012-05-01 00:00:00","python","5041"
"2012-05-01 00:00:00","r","868"
"2012-05-01 00:00:00","ruby","1950"
"2012-05-01 00:00:00","swift","7"
"2012-06-01 00:00:00","assembly","200"
"2012-06-01 00:00:00","c","2292"
"2012-06-01 00:00:00","c#","11210"
"2012-06-01 00:00:00","c++","4604"
"2012-06-01 00:00:00","delphi","415"
"2012-06-01 00:00:00","go","71"
"2012-06-01 00:00:00","java","10980"
"2012-06-01 00:00:00","javascript","11122"
"2012-06-01 00:00:00","perl","735"
"2012-06-01 00:00:00","php","10387"
"2012-06-01 00:00:00","python","5222"
"2012-06-01 00:00:00","r","964"
"2012-06-01 00:00:00","ruby","1877"
"2012-06-01 00:00:00","swift","4"
"2012-07-01 00:00:00","assembly","199"
"2012-07-01 00:00:00","c","2353"
"2012-07-01 00:00:00","c#","12206"
"2012-07-01 00:00:00","c++","5235"
"2012-07-01 00:00:00","delphi","435"
"2012-07-01 00:00:00","go","76"
"2012-07-01 00:00:00","java","12147"
"2012-07-01 00:00:00","javascript","12225"
"2012-07-01 00:00:00","perl","661"
"2012-07-01 00:00:00","php","11566"
"2012-07-01 00:00:00","python","5697"
"2012-07-01 00:00:00","r","1110"
"2012-07-01 00:00:00","ruby","2053"
"2012-07-01 00:00:00","swift","9"
"2012-08-01 00:00:00","assembly","189"
"2012-08-01 00:00:00","c","2309"
"2012-08-01 00:00:00","c#","11878"
"2012-08-01 00:00:00","c++","5129"
"2012-08-01 00:00:00","delphi","402"
"2012-08-01 00:00:00","go","72"
"2012-08-01 00:00:00","java","12177"
"2012-08-01 00:00:00","javascript","12352"
"2012-08-01 00:00:00","perl","758"
"2012-08-01 00:00:00","php","11740"
"2012-08-01 00:00:00","python","5839"
"2012-08-01 00:00:00","r","1084"
"2012-08-01 00:00:00","ruby","2050"
"2012-08-01 00:00:00","swift","5"
"2012-09-01 00:00:00","assembly","220"
"2012-09-01 00:00:00","c","2514"
"2012-09-01 00:00:00","c#","11206"
"2012-09-01 00:00:00","c++","4871"
"2012-09-01 00:00:00","delphi","382"
"2012-09-01 00:00:00","go","129"
"2012-09-01 00:00:00","java","11531"
"2012-09-01 00:00:00","javascript","11104"
"2012-09-01 00:00:00","perl","661"
"2012-09-01 00:00:00","php","10849"
"2012-09-01 00:00:00","python","5224"
"2012-09-01 00:00:00","r","1056"
"2012-09-01 00:00:00","ruby","1949"
"2012-09-01 00:00:00","swift","7"
"2012-10-01 00:00:00","assembly","313"
"2012-10-01 00:00:00","c","3143"
"2012-10-01 00:00:00","c#","12635"
"2012-10-01 00:00:00","c++","5879"
"2012-10-01 00:00:00","delphi","475"
"2012-10-01 00:00:00","go","101"
"2012-10-01 00:00:00","java","13391"
"2012-10-01 00:00:00","javascript","12331"
"2012-10-01 00:00:00","perl","681"
"2012-10-01 00:00:00","php","11639"
"2012-10-01 00:00:00","python","6107"
"2012-10-01 00:00:00","r","1263"
"2012-10-01 00:00:00","ruby","2245"
"2012-10-01 00:00:00","swift","4"
"2012-11-01 00:00:00","assembly","302"
"2012-11-01 00:00:00","c","3174"
"2012-11-01 00:00:00","c#","12168"
"2012-11-01 00:00:00","c++","6238"
"2012-11-01 00:00:00","delphi","440"
"2012-11-01 00:00:00","go","102"
"2012-11-01 00:00:00","java","13498"
"2012-11-01 00:00:00","javascript","12263"
"2012-11-01 00:00:00","perl","636"
"2012-11-01 00:00:00","php","11667"
"2012-11-01 00:00:00","python","6368"
"2012-11-01 00:00:00","r","1341"
"2012-11-01 00:00:00","ruby","2122"
"2012-11-01 00:00:00","swift","4"
"2012-12-01 00:00:00","assembly","259"
"2012-12-01 00:00:00","c","2552"
"2012-12-01 00:00:00","c#","10877"
"2012-12-01 00:00:00","c++","5651"
"2012-12-01 00:00:00","delphi","425"
"2012-12-01 00:00:00","go","112"
"2012-12-01 00:00:00","java","12324"
"2012-12-01 00:00:00","javascript","11664"
"2012-12-01 00:00:00","perl","550"
"2012-12-01 00:00:00","php","10944"
"2012-12-01 00:00:00","python","5719"
"2012-12-01 00:00:00","r","1204"
"2012-12-01 00:00:00","ruby","1900"
"2012-12-01 00:00:00","swift","4"
"2013-01-01 00:00:00","assembly","290"
"2013-01-01 00:00:00","c","2889"
"2013-01-01 00:00:00","c#","12680"
"2013-01-01 00:00:00","c++","6004"
"2013-01-01 00:00:00","delphi","480"
"2013-01-01 00:00:00","go","100"
"2013-01-01 00:00:00","java","13612"
"2013-01-01 00:00:00","javascript","13705"
"2013-01-01 00:00:00","perl","659"
"2013-01-01 00:00:00","php","12769"
"2013-01-01 00:00:00","python","6520"
"2013-01-01 00:00:00","r","1503"
"2013-01-01 00:00:00","ruby","2292"
"2013-01-01 00:00:00","swift","5"
"2013-02-01 00:00:00","assembly","324"
"2013-02-01 00:00:00","c","3081"
"2013-02-01 00:00:00","c#","12423"
"2013-02-01 00:00:00","c++","6028"
"2013-02-01 00:00:00","delphi","443"
"2013-02-01 00:00:00","go","117"
"2013-02-01 00:00:00","java","13592"
"2013-02-01 00:00:00","javascript","13551"
"2013-02-01 00:00:00","perl","744"
"2013-02-01 00:00:00","php","12428"
"2013-02-01 00:00:00","python","6692"
"2013-02-01 00:00:00","r","1652"
"2013-02-01 00:00:00","ruby","2208"
"2013-02-01 00:00:00","swift","6"
"2013-03-01 00:00:00","assembly","366"
"2013-03-01 00:00:00","c","3409"
"2013-03-01 00:00:00","c#","14161"
"2013-03-01 00:00:00","c++","7139"
"2013-03-01 00:00:00","delphi","519"
"2013-03-01 00:00:00","go","126"
"2013-03-01 00:00:00","java","15795"
"2013-03-01 00:00:00","javascript","15190"
"2013-03-01 00:00:00","perl","849"
"2013-03-01 00:00:00","php","13980"
"2013-03-01 00:00:00","python","7572"
"2013-03-01 00:00:00","r","1834"
"2013-03-01 00:00:00","ruby","2548"
"2013-03-01 00:00:00","swift","5"
"2013-04-01 00:00:00","assembly","328"
"2013-04-01 00:00:00","c","3508"
"2013-04-01 00:00:00","c#","13786"
"2013-04-01 00:00:00","c++","7067"
"2013-04-01 00:00:00","delphi","504"
"2013-04-01 00:00:00","go","125"
"2013-04-01 00:00:00","java","16076"
"2013-04-01 00:00:00","javascript","15208"
"2013-04-01 00:00:00","perl","836"
"2013-04-01 00:00:00","php","13270"
"2013-04-01 00:00:00","python","7873"
"2013-04-01 00:00:00","r","1826"
"2013-04-01 00:00:00","ruby","2455"
"2013-04-01 00:00:00","swift","6"
"2013-05-01 00:00:00","assembly","299"
"2013-05-01 00:00:00","c","3170"
"2013-05-01 00:00:00","c#","13337"
"2013-05-01 00:00:00","c++","6774"
"2013-05-01 00:00:00","delphi","524"
"2013-05-01 00:00:00","go","141"
"2013-05-01 00:00:00","java","15107"
"2013-05-01 00:00:00","javascript","14937"
"2013-05-01 00:00:00","perl","900"
"2013-05-01 00:00:00","php","12935"
"2013-05-01 00:00:00","python","7760"
"2013-05-01 00:00:00","r","1768"
"2013-05-01 00:00:00","ruby","2331"
"2013-05-01 00:00:00","swift","2"
"2013-06-01 00:00:00","assembly","291"
"2013-06-01 00:00:00","c","2919"
"2013-06-01 00:00:00","c#","12658"
"2013-06-01 00:00:00","c++","6154"
"2013-06-01 00:00:00","delphi","472"
"2013-06-01 00:00:00","go","175"
"2013-06-01 00:00:00","java","13784"
"2013-06-01 00:00:00","javascript","14467"
"2013-06-01 00:00:00","perl","825"
"2013-06-01 00:00:00","php","12584"
"2013-06-01 00:00:00","python","7544"
"2013-06-01 00:00:00","r","1755"
"2013-06-01 00:00:00","ruby","2210"
"2013-06-01 00:00:00","swift","4"
"2013-07-01 00:00:00","assembly","294"
"2013-07-01 00:00:00","c","2981"
"2013-07-01 00:00:00","c#","14024"
"2013-07-01 00:00:00","c++","6531"
"2013-07-01 00:00:00","delphi","500"
"2013-07-01 00:00:00","go","200"
"2013-07-01 00:00:00","java","14997"
"2013-07-01 00:00:00","javascript","16667"
"2013-07-01 00:00:00","perl","949"
"2013-07-01 00:00:00","php","14143"
"2013-07-01 00:00:00","python","8552"
"2013-07-01 00:00:00","r","1952"
"2013-07-01 00:00:00","ruby","2427"
"2013-07-01 00:00:00","swift","7"
"2013-08-01 00:00:00","assembly","210"
"2013-08-01 00:00:00","c","2988"
"2013-08-01 00:00:00","c#","13726"
"2013-08-01 00:00:00","c++","6201"
"2013-08-01 00:00:00","delphi","446"
"2013-08-01 00:00:00","go","206"
"2013-08-01 00:00:00","java","14887"
"2013-08-01 00:00:00","javascript","16695"
"2013-08-01 00:00:00","perl","830"
"2013-08-01 00:00:00","php","14153"
"2013-08-01 00:00:00","python","7889"
"2013-08-01 00:00:00","r","1904"
"2013-08-01 00:00:00","ruby","2469"
"2013-08-01 00:00:00","swift","4"
"2013-09-01 00:00:00","assembly","287"
"2013-09-01 00:00:00","c","3359"
"2013-09-01 00:00:00","c#","13615"
"2013-09-01 00:00:00","c++","6472"
"2013-09-01 00:00:00","delphi","484"
"2013-09-01 00:00:00","go","237"
"2013-09-01 00:00:00","java","16069"
"2013-09-01 00:00:00","javascript","17524"
"2013-09-01 00:00:00","perl","683"
"2013-09-01 00:00:00","php","14062"
"2013-09-01 00:00:00","python","7894"
"2013-09-01 00:00:00","r","1697"
"2013-09-01 00:00:00","ruby","2376"
"2013-09-01 00:00:00","swift","9"
"2013-10-01 00:00:00","assembly","373"
"2013-10-01 00:00:00","c","4208"
"2013-10-01 00:00:00","c#","15051"
"2013-10-01 00:00:00","c++","7891"
"2013-10-01 00:00:00","delphi","516"
"2013-10-01 00:00:00","go","210"
"2013-10-01 00:00:00","java","18509"
"2013-10-01 00:00:00","javascript","19538"
"2013-10-01 00:00:00","perl","808"
"2013-10-01 00:00:00","php","15122"
"2013-10-01 00:00:00","python","9410"
"2013-10-01 00:00:00","r","2070"
"2013-10-01 00:00:00","ruby","2780"
"2013-10-01 00:00:00","swift","10"
"2013-11-01 00:00:00","assembly","415"
"2013-11-01 00:00:00","c","4243"
"2013-11-01 00:00:00","c#","14445"
"2013-11-01 00:00:00","c++","8042"
"2013-11-01 00:00:00","delphi","454"
"2013-11-01 00:00:00","go","209"
"2013-11-01 00:00:00","java","18510"
"2013-11-01 00:00:00","javascript","18301"
"2013-11-01 00:00:00","perl","812"
"2013-11-01 00:00:00","php","14636"
"2013-11-01 00:00:00","python","9417"
"2013-11-01 00:00:00","r","2166"
"2013-11-01 00:00:00","ruby","2565"
"2013-11-01 00:00:00","swift","5"
"2013-12-01 00:00:00","assembly","351"
"2013-12-01 00:00:00","c","3477"
"2013-12-01 00:00:00","c#","13490"
"2013-12-01 00:00:00","c++","6936"
"2013-12-01 00:00:00","delphi","442"
"2013-12-01 00:00:00","go","240"
"2013-12-01 00:00:00","java","17255"
"2013-12-01 00:00:00","javascript","17861"
"2013-12-01 00:00:00","perl","758"
"2013-12-01 00:00:00","php","14206"
"2013-12-01 00:00:00","python","8363"
"2013-12-01 00:00:00","r","1900"
"2013-12-01 00:00:00","ruby","2425"
"2013-12-01 00:00:00","swift","10"
"2014-01-01 00:00:00","assembly","335"
"2014-01-01 00:00:00","c","3695"
"2014-01-01 00:00:00","c#","15189"
"2014-01-01 00:00:00","c++","7603"
"2014-01-01 00:00:00","delphi","479"
"2014-01-01 00:00:00","go","300"
"2014-01-01 00:00:00","java","18481"
"2014-01-01 00:00:00","javascript","20905"
"2014-01-01 00:00:00","perl","803"
"2014-01-01 00:00:00","php","16552"
"2014-01-01 00:00:00","python","9766"
"2014-01-01 00:00:00","r","2328"
"2014-01-01 00:00:00","ruby","2744"
"2014-01-01 00:00:00","swift","6"
"2014-02-01 00:00:00","assembly","372"
"2014-02-01 00:00:00","c","3941"
"2014-02-01 00:00:00","c#","14986"
"2014-02-01 00:00:00","c++","7581"
"2014-02-01 00:00:00","delphi","490"
"2014-02-01 00:00:00","go","203"
"2014-02-01 00:00:00","java","19016"
"2014-02-01 00:00:00","javascript","20935"
"2014-02-01 00:00:00","perl","786"
"2014-02-01 00:00:00","php","16278"
"2014-02-01 00:00:00","python","9811"
"2014-02-01 00:00:00","r","2603"
"2014-02-01 00:00:00","ruby","2583"
"2014-02-01 00:00:00","swift","12"
"2014-03-01 00:00:00","assembly","446"
"2014-03-01 00:00:00","c","4521"
"2014-03-01 00:00:00","c#","16010"
"2014-03-01 00:00:00","c++","8581"
"2014-03-01 00:00:00","delphi","439"
"2014-03-01 00:00:00","go","254"
"2014-03-01 00:00:00","java","21695"
"2014-03-01 00:00:00","javascript","22445"
"2014-03-01 00:00:00","perl","903"
"2014-03-01 00:00:00","php","18071"
"2014-03-01 00:00:00","python","11325"
"2014-03-01 00:00:00","r","2781"
"2014-03-01 00:00:00","ruby","2932"
"2014-03-01 00:00:00","swift","5"
"2014-04-01 00:00:00","assembly","358"
"2014-04-01 00:00:00","c","3963"
"2014-04-01 00:00:00","c#","15136"
"2014-04-01 00:00:00","c++","8048"
"2014-04-01 00:00:00","delphi","384"
"2014-04-01 00:00:00","go","340"
"2014-04-01 00:00:00","java","20586"
"2014-04-01 00:00:00","javascript","21210"
"2014-04-01 00:00:00","perl","819"
"2014-04-01 00:00:00","php","17389"
"2014-04-01 00:00:00","python","10651"
"2014-04-01 00:00:00","r","2708"
"2014-04-01 00:00:00","ruby","2734"
"2014-04-01 00:00:00","swift","4"
"2014-05-01 00:00:00","assembly","325"
"2014-05-01 00:00:00","c","3218"
"2014-05-01 00:00:00","c#","13733"
"2014-05-01 00:00:00","c++","6688"
"2014-05-01 00:00:00","delphi","467"
"2014-05-01 00:00:00","go","278"
"2014-05-01 00:00:00","java","17696"
"2014-05-01 00:00:00","javascript","19528"
"2014-05-01 00:00:00","perl","792"
"2014-05-01 00:00:00","php","14499"
"2014-05-01 00:00:00","python","9131"
"2014-05-01 00:00:00","r","2562"
"2014-05-01 00:00:00","ruby","2659"
"2014-05-01 00:00:00","swift","9"
"2014-06-01 00:00:00","assembly","262"
"2014-06-01 00:00:00","c","2740"
"2014-06-01 00:00:00","c#","12327"
"2014-06-01 00:00:00","c++","5580"
"2014-06-01 00:00:00","delphi","413"
"2014-06-01 00:00:00","go","288"
"2014-06-01 00:00:00","java","15686"
"2014-06-01 00:00:00","javascript","18052"
"2014-06-01 00:00:00","perl","674"
"2014-06-01 00:00:00","php","12772"
"2014-06-01 00:00:00","python","8805"
"2014-06-01 00:00:00","r","2377"
"2014-06-01 00:00:00","ruby","2321"
"2014-06-01 00:00:00","swift","2380"
"2014-07-01 00:00:00","assembly","212"
"2014-07-01 00:00:00","c","2804"
"2014-07-01 00:00:00","c#","13490"
"2014-07-01 00:00:00","c++","6182"
"2014-07-01 00:00:00","delphi","441"
"2014-07-01 00:00:00","go","450"
"2014-07-01 00:00:00","java","17151"
"2014-07-01 00:00:00","javascript","19871"
"2014-07-01 00:00:00","perl","732"
"2014-07-01 00:00:00","php","14052"
"2014-07-01 00:00:00","python","9820"
"2014-07-01 00:00:00","r","2611"
"2014-07-01 00:00:00","ruby","2544"
"2014-07-01 00:00:00","swift","1627"
"2014-08-01 00:00:00","assembly","183"
"2014-08-01 00:00:00","c","2658"
"2014-08-01 00:00:00","c#","12347"
"2014-08-01 00:00:00","c++","5809"
"2014-08-01 00:00:00","delphi","419"
"2014-08-01 00:00:00","go","405"
"2014-08-01 00:00:00","java","15533"
"2014-08-01 00:00:00","javascript","18235"
"2014-08-01 00:00:00","perl","683"
"2014-08-01 00:00:00","php","13014"
"2014-08-01 00:00:00","python","9037"
"2014-08-01 00:00:00","r","2445"
"2014-08-01 00:00:00","ruby","2450"
"2014-08-01 00:00:00","swift","1682"
"2014-09-01 00:00:00","assembly","272"
"2014-09-01 00:00:00","c","3207"
"2014-09-01 00:00:00","c#","12197"
"2014-09-01 00:00:00","c++","6115"
"2014-09-01 00:00:00","delphi","441"
"2014-09-01 00:00:00","go","389"
"2014-09-01 00:00:00","java","16468"
"2014-09-01 00:00:00","javascript","17925"
"2014-09-01 00:00:00","perl","678"
"2014-09-01 00:00:00","php","13159"
"2014-09-01 00:00:00","python","8682"
"2014-09-01 00:00:00","r","2347"
"2014-09-01 00:00:00","ruby","2259"
"2014-09-01 00:00:00","swift","1887"
"2014-10-01 00:00:00","assembly","382"
"2014-10-01 00:00:00","c","3768"
"2014-10-01 00:00:00","c#","12427"
"2014-10-01 00:00:00","c++","6753"
"2014-10-01 00:00:00","delphi","406"
"2014-10-01 00:00:00","go","378"
"2014-10-01 00:00:00","java","17683"
"2014-10-01 00:00:00","javascript","18757"
"2014-10-01 00:00:00","perl","637"
"2014-10-01 00:00:00","php","13384"
"2014-10-01 00:00:00","python","9506"
"2014-10-01 00:00:00","r","2751"
"2014-10-01 00:00:00","ruby","2333"
"2014-10-01 00:00:00","swift","2447"
"2014-11-01 00:00:00","assembly","373"
"2014-11-01 00:00:00","c","3628"
"2014-11-01 00:00:00","c#","11748"
"2014-11-01 00:00:00","c++","6491"
"2014-11-01 00:00:00","delphi","422"
"2014-11-01 00:00:00","go","335"
"2014-11-01 00:00:00","java","17648"
"2014-11-01 00:00:00","javascript","17823"
"2014-11-01 00:00:00","perl","655"
"2014-11-01 00:00:00","php","12871"
"2014-11-01 00:00:00","python","9506"
"2014-11-01 00:00:00","r","2687"
"2014-11-01 00:00:00","ruby","2105"
"2014-11-01 00:00:00","swift","2540"
"2014-12-01 00:00:00","assembly","316"
"2014-12-01 00:00:00","c","3135"
"2014-12-01 00:00:00","c#","10978"
"2014-12-01 00:00:00","c++","6019"
"2014-12-01 00:00:00","delphi","311"
"2014-12-01 00:00:00","go","349"
"2014-12-01 00:00:00","java","16198"
"2014-12-01 00:00:00","javascript","16845"
"2014-12-01 00:00:00","perl","564"
"2014-12-01 00:00:00","php","12164"
"2014-12-01 00:00:00","python","8983"
"2014-12-01 00:00:00","r","2343"
"2014-12-01 00:00:00","ruby","2137"
"2014-12-01 00:00:00","swift","2469"
"2015-01-01 00:00:00","assembly","332"
"2015-01-01 00:00:00","c","3194"
"2015-01-01 00:00:00","c#","11650"
"2015-01-01 00:00:00","c++","6078"
"2015-01-01 00:00:00","delphi","375"
"2015-01-01 00:00:00","go","467"
"2015-01-01 00:00:00","java","16388"
"2015-01-01 00:00:00","javascript","18388"
"2015-01-01 00:00:00","perl","587"
"2015-01-01 00:00:00","php","13448"
"2015-01-01 00:00:00","python","9614"
"2015-01-01 00:00:00","r","2663"
"2015-01-01 00:00:00","ruby","2409"
"2015-01-01 00:00:00","swift","3033"
"2015-02-01 00:00:00","assembly","353"
"2015-02-01 00:00:00","c","3349"
"2015-02-01 00:00:00","c#","11717"
"2015-02-01 00:00:00","c++","6422"
"2015-02-01 00:00:00","delphi","408"
"2015-02-01 00:00:00","go","379"
"2015-02-01 00:00:00","java","16601"
"2015-02-01 00:00:00","javascript","18517"
"2015-02-01 00:00:00","perl","559"
"2015-02-01 00:00:00","php","13374"
"2015-02-01 00:00:00","python","10134"
"2015-02-01 00:00:00","r","2945"
"2015-02-01 00:00:00","ruby","2251"
"2015-02-01 00:00:00","swift","3220"
"2015-03-01 00:00:00","assembly","375"
"2015-03-01 00:00:00","c","3898"
"2015-03-01 00:00:00","c#","13164"
"2015-03-01 00:00:00","c++","7332"
"2015-03-01 00:00:00","delphi","401"
"2015-03-01 00:00:00","go","467"
"2015-03-01 00:00:00","java","19587"
"2015-03-01 00:00:00","javascript","20366"
"2015-03-01 00:00:00","perl","627"
"2015-03-01 00:00:00","php","14771"
"2015-03-01 00:00:00","python","11504"
"2015-03-01 00:00:00","r","3543"
"2015-03-01 00:00:00","ruby","2451"
"2015-03-01 00:00:00","swift","3576"
"2015-04-01 00:00:00","assembly","431"
"2015-04-01 00:00:00","c","3929"
"2015-04-01 00:00:00","c#","12981"
"2015-04-01 00:00:00","c++","7086"
"2015-04-01 00:00:00","delphi","383"
"2015-04-01 00:00:00","go","385"
"2015-04-01 00:00:00","java","19640"
"2015-04-01 00:00:00","javascript","20762"
"2015-04-01 00:00:00","perl","573"
"2015-04-01 00:00:00","php","14796"
"2015-04-01 00:00:00","python","11346"
"2015-04-01 00:00:00","r","3297"
"2015-04-01 00:00:00","ruby","2491"
"2015-04-01 00:00:00","swift","3994"
"2015-05-01 00:00:00","assembly","365"
"2015-05-01 00:00:00","c","3505"
"2015-05-01 00:00:00","c#","13253"
"2015-05-01 00:00:00","c++","6763"
"2015-05-01 00:00:00","delphi","398"
"2015-05-01 00:00:00","go","395"
"2015-05-01 00:00:00","java","18371"
"2015-05-01 00:00:00","javascript","21991"
"2015-05-01 00:00:00","perl","524"
"2015-05-01 00:00:00","php","14420"
"2015-05-01 00:00:00","python","11143"
"2015-05-01 00:00:00","r","3402"
"2015-05-01 00:00:00","ruby","2497"
"2015-05-01 00:00:00","swift","3776"
"2015-06-01 00:00:00","assembly","262"
"2015-06-01 00:00:00","c","3145"
"2015-06-01 00:00:00","c#","13420"
"2015-06-01 00:00:00","c++","6457"
"2015-06-01 00:00:00","delphi","383"
"2015-06-01 00:00:00","go","420"
"2015-06-01 00:00:00","java","17668"
"2015-06-01 00:00:00","javascript","22416"
"2015-06-01 00:00:00","perl","567"
"2015-06-01 00:00:00","php","14186"
"2015-06-01 00:00:00","python","11688"
"2015-06-01 00:00:00","r","3395"
"2015-06-01 00:00:00","ruby","2565"
"2015-06-01 00:00:00","swift","4303"
"2015-07-01 00:00:00","assembly","259"
"2015-07-01 00:00:00","c","2797"
"2015-07-01 00:00:00","c#","14023"
"2015-07-01 00:00:00","c++","6655"
"2015-07-01 00:00:00","delphi","384"
"2015-07-01 00:00:00","go","464"
"2015-07-01 00:00:00","java","18537"
"2015-07-01 00:00:00","javascript","23802"
"2015-07-01 00:00:00","perl","577"
"2015-07-01 00:00:00","php","15217"
"2015-07-01 00:00:00","python","12235"
"2015-07-01 00:00:00","r","3959"
"2015-07-01 00:00:00","ruby","2577"
"2015-07-01 00:00:00","swift","5127"
"2015-08-01 00:00:00","assembly","218"
"2015-08-01 00:00:00","c","2564"
"2015-08-01 00:00:00","c#","13148"
"2015-08-01 00:00:00","c++","5840"
"2015-08-01 00:00:00","delphi","382"
"2015-08-01 00:00:00","go","445"
"2015-08-01 00:00:00","java","16951"
"2015-08-01 00:00:00","javascript","22010"
"2015-08-01 00:00:00","perl","551"
"2015-08-01 00:00:00","php","14101"
"2015-08-01 00:00:00","python","11157"
"2015-08-01 00:00:00","r","3475"
"2015-08-01 00:00:00","ruby","2305"
"2015-08-01 00:00:00","swift","5066"
"2015-09-01 00:00:00","assembly","254"
"2015-09-01 00:00:00","c","3073"
"2015-09-01 00:00:00","c#","12848"
"2015-09-01 00:00:00","c++","5879"
"2015-09-01 00:00:00","delphi","355"
"2015-09-01 00:00:00","go","415"
"2015-09-01 00:00:00","java","16803"
"2015-09-01 00:00:00","javascript","21261"
"2015-09-01 00:00:00","perl","464"
"2015-09-01 00:00:00","php","13373"
"2015-09-01 00:00:00","python","10898"
"2015-09-01 00:00:00","r","3311"
"2015-09-01 00:00:00","ruby","2151"
"2015-09-01 00:00:00","swift","4526"
"2015-10-01 00:00:00","assembly","426"
"2015-10-01 00:00:00","c","3659"
"2015-10-01 00:00:00","c#","12710"
"2015-10-01 00:00:00","c++","6999"
"2015-10-01 00:00:00","delphi","420"
"2015-10-01 00:00:00","go","421"
"2015-10-01 00:00:00","java","18363"
"2015-10-01 00:00:00","javascript","21664"
"2015-10-01 00:00:00","perl","495"
"2015-10-01 00:00:00","php","13776"
"2015-10-01 00:00:00","python","12406"
"2015-10-01 00:00:00","r","3645"
"2015-10-01 00:00:00","ruby","2185"
"2015-10-01 00:00:00","swift","4277"
"2015-11-01 00:00:00","assembly","398"
"2015-11-01 00:00:00","c","3590"
"2015-11-01 00:00:00","c#","12303"
"2015-11-01 00:00:00","c++","7043"
"2015-11-01 00:00:00","delphi","386"
"2015-11-01 00:00:00","go","431"
"2015-11-01 00:00:00","java","17640"
"2015-11-01 00:00:00","javascript","21119"
"2015-11-01 00:00:00","perl","463"
"2015-11-01 00:00:00","php","13162"
"2015-11-01 00:00:00","python","12208"
"2015-11-01 00:00:00","r","3511"
"2015-11-01 00:00:00","ruby","1952"
"2015-11-01 00:00:00","swift","4303"
"2015-12-01 00:00:00","assembly","350"
"2015-12-01 00:00:00","c","3076"
"2015-12-01 00:00:00","c#","12059"
"2015-12-01 00:00:00","c++","6517"
"2015-12-01 00:00:00","delphi","314"
"2015-12-01 00:00:00","go","415"
"2015-12-01 00:00:00","java","16405"
"2015-12-01 00:00:00","javascript","20935"
"2015-12-01 00:00:00","perl","477"
"2015-12-01 00:00:00","php","13567"
"2015-12-01 00:00:00","python","11577"
"2015-12-01 00:00:00","r","3163"
"2015-12-01 00:00:00","ruby","2022"
"2015-12-01 00:00:00","swift","4355"
"2016-01-01 00:00:00","assembly","245"
"2016-01-01 00:00:00","c","3026"
"2016-01-01 00:00:00","c#","12293"
"2016-01-01 00:00:00","c++","6067"
"2016-01-01 00:00:00","delphi","317"
"2016-01-01 00:00:00","go","494"
"2016-01-01 00:00:00","java","16500"
"2016-01-01 00:00:00","javascript","22382"
"2016-01-01 00:00:00","perl","445"
"2016-01-01 00:00:00","php","14389"
"2016-01-01 00:00:00","python","12274"
"2016-01-01 00:00:00","r","3515"
"2016-01-01 00:00:00","ruby","2138"
"2016-01-01 00:00:00","swift","4761"
"2016-02-01 00:00:00","assembly","342"
"2016-02-01 00:00:00","c","3255"
"2016-02-01 00:00:00","c#","12656"
"2016-02-01 00:00:00","c++","6519"
"2016-02-01 00:00:00","delphi","354"
"2016-02-01 00:00:00","go","539"
"2016-02-01 00:00:00","java","17713"
"2016-02-01 00:00:00","javascript","22324"
"2016-02-01 00:00:00","perl","500"
"2016-02-01 00:00:00","php","14727"
"2016-02-01 00:00:00","python","13182"
"2016-02-01 00:00:00","r","3565"
"2016-02-01 00:00:00","ruby","2244"
"2016-02-01 00:00:00","swift","4727"
"2016-03-01 00:00:00","assembly","429"
"2016-03-01 00:00:00","c","3419"
"2016-03-01 00:00:00","c#","13524"
"2016-03-01 00:00:00","c++","6970"
"2016-03-01 00:00:00","delphi","337"
"2016-03-01 00:00:00","go","592"
"2016-03-01 00:00:00","java","19712"
"2016-03-01 00:00:00","javascript","23927"
"2016-03-01 00:00:00","perl","467"
"2016-03-01 00:00:00","php","14969"
"2016-03-01 00:00:00","python","13988"
"2016-03-01 00:00:00","r","4028"
"2016-03-01 00:00:00","ruby","2252"
"2016-03-01 00:00:00","swift","5049"
"2016-04-01 00:00:00","assembly","407"
"2016-04-01 00:00:00","c","3339"
"2016-04-01 00:00:00","c#","13632"
"2016-04-01 00:00:00","c++","6851"
"2016-04-01 00:00:00","delphi","324"
"2016-04-01 00:00:00","go","599"
"2016-04-01 00:00:00","java","19331"
"2016-04-01 00:00:00","javascript","23290"
"2016-04-01 00:00:00","perl","492"
"2016-04-01 00:00:00","php","14315"
"2016-04-01 00:00:00","python","13555"
"2016-04-01 00:00:00","r","4096"
"2016-04-01 00:00:00","ruby","2211"
"2016-04-01 00:00:00","swift","4731"
"2016-05-01 00:00:00","assembly","321"
"2016-05-01 00:00:00","c","2706"
"2016-05-01 00:00:00","c#","13414"
"2016-05-01 00:00:00","c++","6105"
"2016-05-01 00:00:00","delphi","337"
"2016-05-01 00:00:00","go","577"
"2016-05-01 00:00:00","java","16901"
"2016-05-01 00:00:00","javascript","22852"
"2016-05-01 00:00:00","perl","485"
"2016-05-01 00:00:00","php","14314"
"2016-05-01 00:00:00","python","13038"
"2016-05-01 00:00:00","r","3782"
"2016-05-01 00:00:00","ruby","2127"
"2016-05-01 00:00:00","swift","4392"
"2016-06-01 00:00:00","assembly","288"
"2016-06-01 00:00:00","c","2288"
"2016-06-01 00:00:00","c#","12991"
"2016-06-01 00:00:00","c++","5685"
"2016-06-01 00:00:00","delphi","281"
"2016-06-01 00:00:00","go","546"
"2016-06-01 00:00:00","java","15835"
"2016-06-01 00:00:00","javascript","22029"
"2016-06-01 00:00:00","perl","434"
"2016-06-01 00:00:00","php","13509"
"2016-06-01 00:00:00","python","12839"
"2016-06-01 00:00:00","r","3844"
"2016-06-01 00:00:00","ruby","2099"
"2016-06-01 00:00:00","swift","4776"
"2016-07-01 00:00:00","assembly","201"
"2016-07-01 00:00:00","c","2338"
"2016-07-01 00:00:00","c#","11938"
"2016-07-01 00:00:00","c++","5435"
"2016-07-01 00:00:00","delphi","242"
"2016-07-01 00:00:00","go","536"
"2016-07-01 00:00:00","java","14856"
"2016-07-01 00:00:00","javascript","22073"
"2016-07-01 00:00:00","perl","412"
"2016-07-01 00:00:00","php","12812"
"2016-07-01 00:00:00","python","12762"
"2016-07-01 00:00:00","r","3735"
"2016-07-01 00:00:00","ruby","1894"
"2016-07-01 00:00:00","swift","4908"
"2016-08-01 00:00:00","assembly","256"
"2016-08-01 00:00:00","c","2198"
"2016-08-01 00:00:00","c#","12672"
"2016-08-01 00:00:00","c++","4997"
"2016-08-01 00:00:00","delphi","337"
"2016-08-01 00:00:00","go","565"
"2016-08-01 00:00:00","java","15130"
"2016-08-01 00:00:00","javascript","22558"
"2016-08-01 00:00:00","perl","457"
"2016-08-01 00:00:00","php","12814"
"2016-08-01 00:00:00","python","12869"
"2016-08-01 00:00:00","r","3778"
"2016-08-01 00:00:00","ruby","1872"
"2016-08-01 00:00:00","swift","4884"
"2016-09-01 00:00:00","assembly","334"
"2016-09-01 00:00:00","c","2497"
"2016-09-01 00:00:00","c#","11052"
"2016-09-01 00:00:00","c++","5115"
"2016-09-01 00:00:00","delphi","287"
"2016-09-01 00:00:00","go","510"
"2016-09-01 00:00:00","java","14586"
"2016-09-01 00:00:00","javascript","20328"
"2016-09-01 00:00:00","perl","461"
"2016-09-01 00:00:00","php","12025"
"2016-09-01 00:00:00","python","12287"
"2016-09-01 00:00:00","r","3295"
"2016-09-01 00:00:00","ruby","1919"
"2016-09-01 00:00:00","swift","4838"
"2016-10-01 00:00:00","assembly","396"
"2016-10-01 00:00:00","c","3197"
"2016-10-01 00:00:00","c#","11416"
"2016-10-01 00:00:00","c++","5949"
"2016-10-01 00:00:00","delphi","268"
"2016-10-01 00:00:00","go","529"
"2016-10-01 00:00:00","java","15247"
"2016-10-01 00:00:00","javascript","20341"
"2016-10-01 00:00:00","perl","400"
"2016-10-01 00:00:00","php","12158"
"2016-10-01 00:00:00","python","13451"
"2016-10-01 00:00:00","r","3767"
"2016-10-01 00:00:00","ruby","1816"
"2016-10-01 00:00:00","swift","4716"
"2016-11-01 00:00:00","assembly","411"
"2016-11-01 00:00:00","c","3248"
"2016-11-01 00:00:00","c#","11609"
"2016-11-01 00:00:00","c++","6042"
"2016-11-01 00:00:00","delphi","275"
"2016-11-01 00:00:00","go","475"
"2016-11-01 00:00:00","java","15581"
"2016-11-01 00:00:00","javascript","20389"
"2016-11-01 00:00:00","perl","365"
"2016-11-01 00:00:00","php","11872"
"2016-11-01 00:00:00","python","14126"
"2016-11-01 00:00:00","r","3543"
"2016-11-01 00:00:00","ruby","1752"
"2016-11-01 00:00:00","swift","4354"
"2016-12-01 00:00:00","assembly","309"
"2016-12-01 00:00:00","c","2785"
"2016-12-01 00:00:00","c#","10630"
"2016-12-01 00:00:00","c++","5186"
"2016-12-01 00:00:00","delphi","251"
"2016-12-01 00:00:00","go","494"
"2016-12-01 00:00:00","java","13745"
"2016-12-01 00:00:00","javascript","19635"
"2016-12-01 00:00:00","perl","335"
"2016-12-01 00:00:00","php","11351"
"2016-12-01 00:00:00","python","12963"
"2016-12-01 00:00:00","r","3138"
"2016-12-01 00:00:00","ruby","1624"
"2016-12-01 00:00:00","swift","3913"
"2017-01-01 00:00:00","assembly","305"
"2017-01-01 00:00:00","c","2748"
"2017-01-01 00:00:00","c#","11644"
"2017-01-01 00:00:00","c++","5625"
"2017-01-01 00:00:00","delphi","285"
"2017-01-01 00:00:00","go","556"
"2017-01-01 00:00:00","java","14487"
"2017-01-01 00:00:00","javascript","21297"
"2017-01-01 00:00:00","perl","321"
"2017-01-01 00:00:00","php","12502"
"2017-01-01 00:00:00","python","14206"
"2017-01-01 00:00:00","r","3479"
"2017-01-01 00:00:00","ruby","1820"
"2017-01-01 00:00:00","swift","4328"
"2017-02-01 00:00:00","assembly","300"
"2017-02-01 00:00:00","c","2711"
"2017-02-01 00:00:00","c#","11428"
"2017-02-01 00:00:00","c++","5145"
"2017-02-01 00:00:00","delphi","304"
"2017-02-01 00:00:00","go","548"
"2017-02-01 00:00:00","java","14485"
"2017-02-01 00:00:00","javascript","21090"
"2017-02-01 00:00:00","perl","398"
"2017-02-01 00:00:00","php","12386"
"2017-02-01 00:00:00","python","14714"
"2017-02-01 00:00:00","r","3667"
"2017-02-01 00:00:00","ruby","1616"
"2017-02-01 00:00:00","swift","4042"
"2017-03-01 00:00:00","assembly","368"
"2017-03-01 00:00:00","c","2943"
"2017-03-01 00:00:00","c#","12931"
"2017-03-01 00:00:00","c++","6197"
"2017-03-01 00:00:00","delphi","304"
"2017-03-01 00:00:00","go","650"
"2017-03-01 00:00:00","java","17218"
"2017-03-01 00:00:00","javascript","23551"
"2017-03-01 00:00:00","perl","408"
"2017-03-01 00:00:00","php","13879"
"2017-03-01 00:00:00","python","17040"
"2017-03-01 00:00:00","r","4585"
"2017-03-01 00:00:00","ruby","1787"
"2017-03-01 00:00:00","swift","4602"
"2017-04-01 00:00:00","assembly","315"
"2017-04-01 00:00:00","c","2833"
"2017-04-01 00:00:00","c#","11044"
"2017-04-01 00:00:00","c++","5845"
"2017-04-01 00:00:00","delphi","262"
"2017-04-01 00:00:00","go","506"
"2017-04-01 00:00:00","java","15802"
"2017-04-01 00:00:00","javascript","21104"
"2017-04-01 00:00:00","perl","365"
"2017-04-01 00:00:00","php","12257"
"2017-04-01 00:00:00","python","15578"
"2017-04-01 00:00:00","r","4243"
"2017-04-01 00:00:00","ruby","1483"
"2017-04-01 00:00:00","swift","3899"
"2017-05-01 00:00:00","assembly","347"
"2017-05-01 00:00:00","c","2735"
"2017-05-01 00:00:00","c#","11927"
"2017-05-01 00:00:00","c++","5275"
"2017-05-01 00:00:00","delphi","316"
"2017-05-01 00:00:00","go","581"
"2017-05-01 00:00:00","java","16243"
"2017-05-01 00:00:00","javascript","22259"
"2017-05-01 00:00:00","perl","352"
"2017-05-01 00:00:00","php","12930"
"2017-05-01 00:00:00","python","16113"
"2017-05-01 00:00:00","r","4295"
"2017-05-01 00:00:00","ruby","1515"
"2017-05-01 00:00:00","swift","4084"
"2017-06-01 00:00:00","assembly","238"
"2017-06-01 00:00:00","c","2335"
"2017-06-01 00:00:00","c#","11237"
"2017-06-01 00:00:00","c++","4659"
"2017-06-01 00:00:00","delphi","245"
"2017-06-01 00:00:00","go","572"
"2017-06-01 00:00:00","java","14529"
"2017-06-01 00:00:00","javascript","21446"
"2017-06-01 00:00:00","perl","310"
"2017-06-01 00:00:00","php","11618"
"2017-06-01 00:00:00","python","15928"
"2017-06-01 00:00:00","r","4427"
"2017-06-01 00:00:00","ruby","1409"
"2017-06-01 00:00:00","swift","4181"
"2017-07-01 00:00:00","assembly","220"
"2017-07-01 00:00:00","c","2037"
"2017-07-01 00:00:00","c#","11158"
"2017-07-01 00:00:00","c++","4998"
"2017-07-01 00:00:00","delphi","206"
"2017-07-01 00:00:00","go","652"
"2017-07-01 00:00:00","java","14041"
"2017-07-01 00:00:00","javascript","21478"
"2017-07-01 00:00:00","perl","322"
"2017-07-01 00:00:00","php","11643"
"2017-07-01 00:00:00","python","16835"
"2017-07-01 00:00:00","r","4566"
"2017-07-01 00:00:00","ruby","1517"
"2017-07-01 00:00:00","swift","4340"
"2017-08-01 00:00:00","assembly","215"
"2017-08-01 00:00:00","c","2033"
"2017-08-01 00:00:00","c#","10915"
"2017-08-01 00:00:00","c++","4763"
"2017-08-01 00:00:00","delphi","289"
"2017-08-01 00:00:00","go","602"
"2017-08-01 00:00:00","java","13686"
"2017-08-01 00:00:00","javascript","21231"
"2017-08-01 00:00:00","perl","355"
"2017-08-01 00:00:00","php","11534"
"2017-08-01 00:00:00","python","16415"
"2017-08-01 00:00:00","r","4547"
"2017-08-01 00:00:00","ruby","1391"
"2017-08-01 00:00:00","swift","4164"
"2017-09-01 00:00:00","assembly","228"
"2017-09-01 00:00:00","c","2090"
"2017-09-01 00:00:00","c#","9823"
"2017-09-01 00:00:00","c++","4445"
"2017-09-01 00:00:00","delphi","260"
"2017-09-01 00:00:00","go","541"
"2017-09-01 00:00:00","java","12675"
"2017-09-01 00:00:00","javascript","18854"
"2017-09-01 00:00:00","perl","296"
"2017-09-01 00:00:00","php","10599"
"2017-09-01 00:00:00","python","15372"
"2017-09-01 00:00:00","r","4208"
"2017-09-01 00:00:00","ruby","1220"
"2017-09-01 00:00:00","swift","3751"
"2017-10-01 00:00:00","assembly","326"
"2017-10-01 00:00:00","c","2757"
"2017-10-01 00:00:00","c#","10140"
"2017-10-01 00:00:00","c++","5190"
"2017-10-01 00:00:00","delphi","221"
"2017-10-01 00:00:00","go","613"
"2017-10-01 00:00:00","java","13896"
"2017-10-01 00:00:00","javascript","19668"
"2017-10-01 00:00:00","perl","332"
"2017-10-01 00:00:00","php","10687"
"2017-10-01 00:00:00","python","16849"
"2017-10-01 00:00:00","r","4516"
"2017-10-01 00:00:00","ruby","1292"
"2017-10-01 00:00:00","swift","3877"
"2017-11-01 00:00:00","assembly","383"
"2017-11-01 00:00:00","c","2928"
"2017-11-01 00:00:00","c#","9717"
"2017-11-01 00:00:00","c++","5008"
"2017-11-01 00:00:00","delphi","199"
"2017-11-01 00:00:00","go","654"
"2017-11-01 00:00:00","java","14050"
"2017-11-01 00:00:00","javascript","19251"
"2017-11-01 00:00:00","perl","262"
"2017-11-01 00:00:00","php","10458"
"2017-11-01 00:00:00","python","16862"
"2017-11-01 00:00:00","r","4488"
"2017-11-01 00:00:00","ruby","1167"
"2017-11-01 00:00:00","swift","3649"
"2017-12-01 00:00:00","assembly","247"
"2017-12-01 00:00:00","c","2188"
"2017-12-01 00:00:00","c#","8549"
"2017-12-01 00:00:00","c++","4433"
"2017-12-01 00:00:00","delphi","186"
"2017-12-01 00:00:00","go","521"
"2017-12-01 00:00:00","java","11903"
"2017-12-01 00:00:00","javascript","16849"
"2017-12-01 00:00:00","perl","235"
"2017-12-01 00:00:00","php","9040"
"2017-12-01 00:00:00","python","14859"
"2017-12-01 00:00:00","r","3705"
"2017-12-01 00:00:00","ruby","1014"
"2017-12-01 00:00:00","swift","3192"
"2018-01-01 00:00:00","assembly","251"
"2018-01-01 00:00:00","c","2202"
"2018-01-01 00:00:00","c#","9327"
"2018-01-01 00:00:00","c++","4726"
"2018-01-01 00:00:00","delphi","195"
"2018-01-01 00:00:00","go","539"
"2018-01-01 00:00:00","java","12284"
"2018-01-01 00:00:00","javascript","18783"
"2018-01-01 00:00:00","perl","245"
"2018-01-01 00:00:00","php","10021"
"2018-01-01 00:00:00","python","16153"
"2018-01-01 00:00:00","r","4187"
"2018-01-01 00:00:00","ruby","1157"
"2018-01-01 00:00:00","swift","3729"
"2018-02-01 00:00:00","assembly","281"
"2018-02-01 00:00:00","c","2133"
"2018-02-01 00:00:00","c#","8532"
"2018-02-01 00:00:00","c++","4549"
"2018-02-01 00:00:00","delphi","212"
"2018-02-01 00:00:00","go","581"
"2018-02-01 00:00:00","java","11969"
"2018-02-01 00:00:00","javascript","17121"
"2018-02-01 00:00:00","perl","230"
"2018-02-01 00:00:00","php","9048"
"2018-02-01 00:00:00","python","16224"
"2018-02-01 00:00:00","r","4488"
"2018-02-01 00:00:00","ruby","1028"
"2018-02-01 00:00:00","swift","3388"
"2018-03-01 00:00:00","assembly","316"
"2018-03-01 00:00:00","c","2453"
"2018-03-01 00:00:00","c#","9727"
"2018-03-01 00:00:00","c++","5149"
"2018-03-01 00:00:00","delphi","219"
"2018-03-01 00:00:00","go","600"
"2018-03-01 00:00:00","java","13464"
"2018-03-01 00:00:00","javascript","19018"
"2018-03-01 00:00:00","perl","287"
"2018-03-01 00:00:00","php","9746"
"2018-03-01 00:00:00","python","17814"
"2018-03-01 00:00:00","r","5082"
"2018-03-01 00:00:00","ruby","1058"
"2018-03-01 00:00:00","swift","4032"
"2018-04-01 00:00:00","assembly","320"
"2018-04-01 00:00:00","c","2170"
"2018-04-01 00:00:00","c#","9171"
"2018-04-01 00:00:00","c++","4644"
"2018-04-01 00:00:00","delphi","203"
"2018-04-01 00:00:00","go","615"
"2018-04-01 00:00:00","java","13400"
"2018-04-01 00:00:00","javascript","17862"
"2018-04-01 00:00:00","perl","252"
"2018-04-01 00:00:00","php","8845"
"2018-04-01 00:00:00","python","16874"
"2018-04-01 00:00:00","r","4711"
"2018-04-01 00:00:00","ruby","984"
"2018-04-01 00:00:00","swift","3555"
"2018-05-01 00:00:00","assembly","296"
"2018-05-01 00:00:00","c","2350"
"2018-05-01 00:00:00","c#","9871"
"2018-05-01 00:00:00","c++","4671"
"2018-05-01 00:00:00","delphi","192"
"2018-05-01 00:00:00","go","628"
"2018-05-01 00:00:00","java","13381"
"2018-05-01 00:00:00","javascript","17945"
"2018-05-01 00:00:00","perl","242"
"2018-05-01 00:00:00","php","9381"
"2018-05-01 00:00:00","python","17483"
"2018-05-01 00:00:00","r","4717"
"2018-05-01 00:00:00","ruby","1032"
"2018-05-01 00:00:00","swift","3603"
"2018-06-01 00:00:00","assembly","201"
"2018-06-01 00:00:00","c","1826"
"2018-06-01 00:00:00","c#","8743"
"2018-06-01 00:00:00","c++","4077"
"2018-06-01 00:00:00","delphi","186"
"2018-06-01 00:00:00","go","671"
"2018-06-01 00:00:00","java","11731"
"2018-06-01 00:00:00","javascript","17110"
"2018-06-01 00:00:00","perl","238"
"2018-06-01 00:00:00","php","8364"
"2018-06-01 00:00:00","python","16726"
"2018-06-01 00:00:00","r","4468"
"2018-06-01 00:00:00","ruby","988"
"2018-06-01 00:00:00","swift","3127"
"2018-07-01 00:00:00","assembly","181"
"2018-07-01 00:00:00","c","1591"
"2018-07-01 00:00:00","c#","9367"
"2018-07-01 00:00:00","c++","3894"
"2018-07-01 00:00:00","delphi","206"
"2018-07-01 00:00:00","go","685"
"2018-07-01 00:00:00","java","11692"
"2018-07-01 00:00:00","javascript","17747"
"2018-07-01 00:00:00","perl","245"
"2018-07-01 00:00:00","php","8513"
"2018-07-01 00:00:00","python","17868"
"2018-07-01 00:00:00","r","4395"
"2018-07-01 00:00:00","ruby","939"
"2018-07-01 00:00:00","swift","3656"
"2018-08-01 00:00:00","assembly","175"
"2018-08-01 00:00:00","c","1669"
"2018-08-01 00:00:00","c#","9440"
"2018-08-01 00:00:00","c++","3886"
"2018-08-01 00:00:00","delphi","204"
"2018-08-01 00:00:00","go","702"
"2018-08-01 00:00:00","java","11246"
"2018-08-01 00:00:00","javascript","17785"
"2018-08-01 00:00:00","perl","227"
"2018-08-01 00:00:00","php","8444"
"2018-08-01 00:00:00","python","17678"
"2018-08-01 00:00:00","r","4086"
"2018-08-01 00:00:00","ruby","874"
"2018-08-01 00:00:00","swift","3559"
"2018-09-01 00:00:00","assembly","255"
"2018-09-01 00:00:00","c","1826"
"2018-09-01 00:00:00","c#","8327"
"2018-09-01 00:00:00","c++","3717"
"2018-09-01 00:00:00","delphi","181"
"2018-09-01 00:00:00","go","670"
"2018-09-01 00:00:00","java","10666"
"2018-09-01 00:00:00","javascript","15953"
"2018-09-01 00:00:00","perl","203"
"2018-09-01 00:00:00","php","7636"
"2018-09-01 00:00:00","python","15959"
"2018-09-01 00:00:00","r","3741"
"2018-09-01 00:00:00","ruby","774"
"2018-09-01 00:00:00","swift","3127"
"2018-10-01 00:00:00","assembly","318"
"2018-10-01 00:00:00","c","2433"
"2018-10-01 00:00:00","c#","9299"
"2018-10-01 00:00:00","c++","4285"
"2018-10-01 00:00:00","delphi","221"
"2018-10-01 00:00:00","go","788"
"2018-10-01 00:00:00","java","12452"
"2018-10-01 00:00:00","javascript","17328"
"2018-10-01 00:00:00","perl","277"
"2018-10-01 00:00:00","php","8099"
"2018-10-01 00:00:00","python","18077"
"2018-10-01 00:00:00","r","4335"
"2018-10-01 00:00:00","ruby","894"
"2018-10-01 00:00:00","swift","3260"
"2018-11-01 00:00:00","assembly","301"
"2018-11-01 00:00:00","c","2512"
"2018-11-01 00:00:00","c#","8437"
"2018-11-01 00:00:00","c++","4322"
"2018-11-01 00:00:00","delphi","179"
"2018-11-01 00:00:00","go","716"
"2018-11-01 00:00:00","java","11651"
"2018-11-01 00:00:00","javascript","16103"
"2018-11-01 00:00:00","perl","233"
"2018-11-01 00:00:00","php","7041"
"2018-11-01 00:00:00","python","17927"
"2018-11-01 00:00:00","r","4213"
"2018-11-01 00:00:00","ruby","833"
"2018-11-01 00:00:00","swift","2972"
"2018-12-01 00:00:00","assembly","218"
"2018-12-01 00:00:00","c","2182"
"2018-12-01 00:00:00","c#","7509"
"2018-12-01 00:00:00","c++","3538"
"2018-12-01 00:00:00","delphi","173"
"2018-12-01 00:00:00","go","656"
"2018-12-01 00:00:00","java","10391"
"2018-12-01 00:00:00","javascript","14202"
"2018-12-01 00:00:00","perl","217"
"2018-12-01 00:00:00","php","6185"
"2018-12-01 00:00:00","python","15656"
"2018-12-01 00:00:00","r","3384"
"2018-12-01 00:00:00","ruby","806"
"2018-12-01 00:00:00","swift","2773"
"2019-01-01 00:00:00","assembly","219"
"2019-01-01 00:00:00","c","2269"
"2019-01-01 00:00:00","c#","8708"
"2019-01-01 00:00:00","c++","3886"
"2019-01-01 00:00:00","delphi","213"
"2019-01-01 00:00:00","go","651"
"2019-01-01 00:00:00","java","10975"
"2019-01-01 00:00:00","javascript","15962"
"2019-01-01 00:00:00","perl","260"
"2019-01-01 00:00:00","php","7125"
"2019-01-01 00:00:00","python","16878"
"2019-01-01 00:00:00","r","3935"
"2019-01-01 00:00:00","ruby","915"
"2019-01-01 00:00:00","swift","2893"
"2019-02-01 00:00:00","assembly","223"
"2019-02-01 00:00:00","c","2043"
"2019-02-01 00:00:00","c#","8315"
"2019-02-01 00:00:00","c++","3710"
"2019-02-01 00:00:00","delphi","191"
"2019-02-01 00:00:00","go","624"
"2019-02-01 00:00:00","java","10936"
"2019-02-01 00:00:00","javascript","15619"
"2019-02-01 00:00:00","perl","249"
"2019-02-01 00:00:00","php","7230"
"2019-02-01 00:00:00","python","17465"
"2019-02-01 00:00:00","r","4235"
"2019-02-01 00:00:00","ruby","784"
"2019-02-01 00:00:00","swift","2668"
"2019-03-01 00:00:00","assembly","276"
"2019-03-01 00:00:00","c","2368"
"2019-03-01 00:00:00","c#","8917"
"2019-03-01 00:00:00","c++","4398"
"2019-03-01 00:00:00","delphi","184"
"2019-03-01 00:00:00","go","718"
"2019-03-01 00:00:00","java","11974"
"2019-03-01 00:00:00","javascript","17260"
"2019-03-01 00:00:00","perl","231"
"2019-03-01 00:00:00","php","7741"
"2019-03-01 00:00:00","python","19819"
"2019-03-01 00:00:00","r","4480"
"2019-03-01 00:00:00","ruby","839"
"2019-03-01 00:00:00","swift","2935"
"2019-04-01 00:00:00","assembly","303"
"2019-04-01 00:00:00","c","2417"
"2019-04-01 00:00:00","c#","9067"
"2019-04-01 00:00:00","c++","4357"
"2019-04-01 00:00:00","delphi","203"
"2019-04-01 00:00:00","go","647"
"2019-04-01 00:00:00","java","11102"
"2019-04-01 00:00:00","javascript","16097"
"2019-04-01 00:00:00","perl","205"
"2019-04-01 00:00:00","php","7150"
"2019-04-01 00:00:00","python","19751"
"2019-04-01 00:00:00","r","4590"
"2019-04-01 00:00:00","ruby","766"
"2019-04-01 00:00:00","swift","3057"
"2019-05-01 00:00:00","assembly","234"
"2019-05-01 00:00:00","c","2084"
"2019-05-01 00:00:00","c#","8987"
"2019-05-01 00:00:00","c++","4109"
"2019-05-01 00:00:00","delphi","167"
"2019-05-01 00:00:00","go","669"
"2019-05-01 00:00:00","java","11018"
"2019-05-01 00:00:00","javascript","16075"
"2019-05-01 00:00:00","perl","220"
"2019-05-01 00:00:00","php","6915"
"2019-05-01 00:00:00","python","18818"
"2019-05-01 00:00:00","r","4289"
"2019-05-01 00:00:00","ruby","760"
"2019-05-01 00:00:00","swift","3089"
"2019-06-01 00:00:00","assembly","199"
"2019-06-01 00:00:00","c","1715"
"2019-06-01 00:00:00","c#","7564"
"2019-06-01 00:00:00","c++","3625"
"2019-06-01 00:00:00","delphi","134"
"2019-06-01 00:00:00","go","524"
"2019-06-01 00:00:00","java","9577"
"2019-06-01 00:00:00","javascript","14740"
"2019-06-01 00:00:00","perl","235"
"2019-06-01 00:00:00","php","5983"
"2019-06-01 00:00:00","python","17153"
"2019-06-01 00:00:00","r","3941"
"2019-06-01 00:00:00","ruby","701"
"2019-06-01 00:00:00","swift","3083"
"2019-07-01 00:00:00","assembly","185"
"2019-07-01 00:00:00","c","1741"
"2019-07-01 00:00:00","c#","8409"
"2019-07-01 00:00:00","c++","4247"
"2019-07-01 00:00:00","delphi","164"
"2019-07-01 00:00:00","go","623"
"2019-07-01 00:00:00","java","10775"
"2019-07-01 00:00:00","javascript","16054"
"2019-07-01 00:00:00","perl","235"
"2019-07-01 00:00:00","php","6619"
"2019-07-01 00:00:00","python","19650"
"2019-07-01 00:00:00","r","4186"
"2019-07-01 00:00:00","ruby","757"
"2019-07-01 00:00:00","swift","3035"
"2019-08-01 00:00:00","assembly","166"
"2019-08-01 00:00:00","c","1538"
"2019-08-01 00:00:00","c#","7666"
"2019-08-01 00:00:00","c++","3262"
"2019-08-01 00:00:00","delphi","174"
"2019-08-01 00:00:00","go","628"
"2019-08-01 00:00:00","java","9029"
"2019-08-01 00:00:00","javascript","15139"
"2019-08-01 00:00:00","perl","192"
"2019-08-01 00:00:00","php","5806"
"2019-08-01 00:00:00","python","17941"
"2019-08-01 00:00:00","r","3938"
"2019-08-01 00:00:00","ruby","775"
"2019-08-01 00:00:00","swift","2525"
"2019-09-01 00:00:00","assembly","221"
"2019-09-01 00:00:00","c","1995"
"2019-09-01 00:00:00","c#","7807"
"2019-09-01 00:00:00","c++","3758"
"2019-09-01 00:00:00","delphi","145"
"2019-09-01 00:00:00","go","614"
"2019-09-01 00:00:00","java","9607"
"2019-09-01 00:00:00","javascript","14798"
"2019-09-01 00:00:00","perl","198"
"2019-09-01 00:00:00","php","5537"
"2019-09-01 00:00:00","python","16804"
"2019-09-01 00:00:00","r","3928"
"2019-09-01 00:00:00","ruby","714"
"2019-09-01 00:00:00","swift","2554"
"2019-10-01 00:00:00","assembly","316"
"2019-10-01 00:00:00","c","2468"
"2019-10-01 00:00:00","c#","8366"
"2019-10-01 00:00:00","c++","4812"
"2019-10-01 00:00:00","delphi","151"
"2019-10-01 00:00:00","go","631"
"2019-10-01 00:00:00","java","11137"
"2019-10-01 00:00:00","javascript","15906"
"2019-10-01 00:00:00","perl","208"
"2019-10-01 00:00:00","php","6022"
"2019-10-01 00:00:00","python","20352"
"2019-10-01 00:00:00","r","4371"
"2019-10-01 00:00:00","ruby","847"
"2019-10-01 00:00:00","swift","3100"
"2019-11-01 00:00:00","assembly","280"
"2019-11-01 00:00:00","c","2494"
"2019-11-01 00:00:00","c#","7979"
"2019-11-01 00:00:00","c++","4699"
"2019-11-01 00:00:00","delphi","169"
"2019-11-01 00:00:00","go","600"
"2019-11-01 00:00:00","java","10257"
"2019-11-01 00:00:00","javascript","15656"
"2019-11-01 00:00:00","perl","217"
"2019-11-01 00:00:00","php","6073"
"2019-11-01 00:00:00","python","20503"
"2019-11-01 00:00:00","r","4274"
"2019-11-01 00:00:00","ruby","684"
"2019-11-01 00:00:00","swift","2856"
"2019-12-01 00:00:00","assembly","248"
"2019-12-01 00:00:00","c","2132"
"2019-12-01 00:00:00","c#","7169"
"2019-12-01 00:00:00","c++","4176"
"2019-12-01 00:00:00","delphi","125"
"2019-12-01 00:00:00","go","611"
"2019-12-01 00:00:00","java","8957"
"2019-12-01 00:00:00","javascript","14217"
"2019-12-01 00:00:00","perl","156"
"2019-12-01 00:00:00","php","5211"
"2019-12-01 00:00:00","python","18004"
"2019-12-01 00:00:00","r","3734"
"2019-12-01 00:00:00","ruby","666"
"2019-12-01 00:00:00","swift","2651"
"2020-01-01 00:00:00","assembly","228"
"2020-01-01 00:00:00","c","2034"
"2020-01-01 00:00:00","c#","7753"
"2020-01-01 00:00:00","c++","4188"
"2020-01-01 00:00:00","delphi","163"
"2020-01-01 00:00:00","go","645"
"2020-01-01 00:00:00","java","9856"
"2020-01-01 00:00:00","javascript","15925"
"2020-01-01 00:00:00","perl","164"
"2020-01-01 00:00:00","php","5869"
"2020-01-01 00:00:00","python","19848"
"2020-01-01 00:00:00","r","4129"
"2020-01-01 00:00:00","ruby","760"
"2020-01-01 00:00:00","swift","2885"
"2020-02-01 00:00:00","assembly","271"
"2020-02-01 00:00:00","c","1970"
"2020-02-01 00:00:00","c#","7663"
"2020-02-01 00:00:00","c++","4053"
"2020-02-01 00:00:00","delphi","156"
"2020-02-01 00:00:00","go","654"
"2020-02-01 00:00:00","java","9967"
"2020-02-01 00:00:00","javascript","15650"
"2020-02-01 00:00:00","perl","178"
"2020-02-01 00:00:00","php","5618"
"2020-02-01 00:00:00","python","19901"
"2020-02-01 00:00:00","r","4662"
"2020-02-01 00:00:00","ruby","652"
"2020-02-01 00:00:00","swift","2747"
"2020-03-01 00:00:00","assembly","293"
"2020-03-01 00:00:00","c","2464"
"2020-03-01 00:00:00","c#","7745"
"2020-03-01 00:00:00","c++","4612"
"2020-03-01 00:00:00","delphi","166"
"2020-03-01 00:00:00","go","649"
"2020-03-01 00:00:00","java","10999"
"2020-03-01 00:00:00","javascript","17451"
"2020-03-01 00:00:00","perl","196"
"2020-03-01 00:00:00","php","5641"
"2020-03-01 00:00:00","python","22517"
"2020-03-01 00:00:00","r","5104"
"2020-03-01 00:00:00","ruby","709"
"2020-03-01 00:00:00","swift","2898"
"2020-04-01 00:00:00","assembly","372"
"2020-04-01 00:00:00","c","3224"
"2020-04-01 00:00:00","c#","8542"
"2020-04-01 00:00:00","c++","6167"
"2020-04-01 00:00:00","delphi","231"
"2020-04-01 00:00:00","go","791"
"2020-04-01 00:00:00","java","12533"
"2020-04-01 00:00:00","javascript","20758"
"2020-04-01 00:00:00","perl","217"
"2020-04-01 00:00:00","php","6584"
"2020-04-01 00:00:00","python","27456"
"2020-04-01 00:00:00","r","6160"
"2020-04-01 00:00:00","ruby","759"
"2020-04-01 00:00:00","swift","3432"
"2020-05-01 00:00:00","assembly","357"
"2020-05-01 00:00:00","c","3347"
"2020-05-01 00:00:00","c#","8538"
"2020-05-01 00:00:00","c++","6351"
"2020-05-01 00:00:00","delphi","200"
"2020-05-01 00:00:00","go","749"
"2020-05-01 00:00:00","java","11926"
"2020-05-01 00:00:00","javascript","21352"
"2020-05-01 00:00:00","perl","211"
"2020-05-01 00:00:00","php","6473"
"2020-05-01 00:00:00","python","29256"
"2020-05-01 00:00:00","r","5997"
"2020-05-01 00:00:00","ruby","693"
"2020-05-01 00:00:00","swift","3496"
"2020-06-01 00:00:00","assembly","327"
"2020-06-01 00:00:00","c","2577"
"2020-06-01 00:00:00","c#","7853"
"2020-06-01 00:00:00","c++","5583"
"2020-06-01 00:00:00","delphi","202"
"2020-06-01 00:00:00","go","705"
"2020-06-01 00:00:00","java","10754"
"2020-06-01 00:00:00","javascript","19679"
"2020-06-01 00:00:00","perl","198"
"2020-06-01 00:00:00","php","5902"
"2020-06-01 00:00:00","python","26963"
"2020-06-01 00:00:00","r","5427"
"2020-06-01 00:00:00","ruby","611"
"2020-06-01 00:00:00","swift","3138"
"2020-07-01 00:00:00","assembly","269"
"2020-07-01 00:00:00","c","2085"
"2020-07-01 00:00:00","c#","7766"
"2020-07-01 00:00:00","c++","5140"
"2020-07-01 00:00:00","delphi","192"
"2020-07-01 00:00:00","go","638"
"2020-07-01 00:00:00","java","10392"
"2020-07-01 00:00:00","javascript","19772"
"2020-07-01 00:00:00","perl","175"
"2020-07-01 00:00:00","php","5913"
"2020-07-01 00:00:00","python","26138"
"2020-07-01 00:00:00","r","4928"
"2020-07-01 00:00:00","ruby","695"
"2020-07-01 00:00:00","swift","2976"
"2020-08-01 00:00:00","assembly","263"
"2020-08-01 00:00:00","c","1884"
"2020-08-01 00:00:00","c#","7026"
"2020-08-01 00:00:00","c++","4748"
"2020-08-01 00:00:00","delphi","183"
"2020-08-01 00:00:00","go","704"
"2020-08-01 00:00:00","java","9245"
"2020-08-01 00:00:00","javascript","17918"
"2020-08-01 00:00:00","perl","192"
"2020-08-01 00:00:00","php","4962"
"2020-08-01 00:00:00","python","22884"
"2020-08-01 00:00:00","r","4480"
"2020-08-01 00:00:00","ruby","553"
"2020-08-01 00:00:00","swift","2652"
"2020-09-01 00:00:00","assembly","294"
"2020-09-01 00:00:00","c","2138"
"2020-09-01 00:00:00","c#","6422"
"2020-09-01 00:00:00","c++","3897"
"2020-09-01 00:00:00","delphi","171"
"2020-09-01 00:00:00","go","726"
"2020-09-01 00:00:00","java","8883"
"2020-09-01 00:00:00","javascript","16678"
"2020-09-01 00:00:00","perl","164"
"2020-09-01 00:00:00","php","4738"
"2020-09-01 00:00:00","python","21577"
"2020-09-01 00:00:00","r","4741"
"2020-09-01 00:00:00","ruby","511"
"2020-09-01 00:00:00","swift","2538"
"2020-10-01 00:00:00","assembly","343"
"2020-10-01 00:00:00","c","2352"
"2020-10-01 00:00:00","c#","6161"
"2020-10-01 00:00:00","c++","4292"
"2020-10-01 00:00:00","delphi","180"
"2020-10-01 00:00:00","go","589"
"2020-10-01 00:00:00","java","8879"
"2020-10-01 00:00:00","javascript","16314"
"2020-10-01 00:00:00","perl","169"
"2020-10-01 00:00:00","php","4552"
"2020-10-01 00:00:00","python","22637"
"2020-10-01 00:00:00","r","5060"
"2020-10-01 00:00:00","ruby","491"
"2020-10-01 00:00:00","swift","2300"
"2020-11-01 00:00:00","assembly","373"
"2020-11-01 00:00:00","c","2678"
"2020-11-01 00:00:00","c#","5951"
"2020-11-01 00:00:00","c++","4282"
"2020-11-01 00:00:00","delphi","193"
"2020-11-01 00:00:00","go","523"
"2020-11-01 00:00:00","java","8412"
"2020-11-01 00:00:00","javascript","15409"
"2020-11-01 00:00:00","perl","149"
"2020-11-01 00:00:00","php","4588"
"2020-11-01 00:00:00","python","21987"
"2020-11-01 00:00:00","r","4792"
"2020-11-01 00:00:00","ruby","500"
"2020-11-01 00:00:00","swift","2148"
"2020-12-01 00:00:00","assembly","297"
"2020-12-01 00:00:00","c","2631"
"2020-12-01 00:00:00","c#","5709"
"2020-12-01 00:00:00","c++","4423"
"2020-12-01 00:00:00","delphi","190"
"2020-12-01 00:00:00","go","532"
"2020-12-01 00:00:00","java","7745"
"2020-12-01 00:00:00","javascript","15908"
"2020-12-01 00:00:00","perl","131"
"2020-12-01 00:00:00","php","4773"
"2020-12-01 00:00:00","python","22018"
"2020-12-01 00:00:00","r","4315"
"2020-12-01 00:00:00","ruby","497"
"2020-12-01 00:00:00","swift","2082"
"2021-01-01 00:00:00","assembly","305"
"2021-01-01 00:00:00","c","2557"
"2021-01-01 00:00:00","c#","6148"
"2021-01-01 00:00:00","c++","4082"
"2021-01-01 00:00:00","delphi","199"
"2021-01-01 00:00:00","go","563"
"2021-01-01 00:00:00","java","7987"
"2021-01-01 00:00:00","javascript","16754"
"2021-01-01 00:00:00","perl","145"
"2021-01-01 00:00:00","php","4741"
"2021-01-01 00:00:00","python","22724"
"2021-01-01 00:00:00","r","4325"
"2021-01-01 00:00:00","ruby","522"
"2021-01-01 00:00:00","swift","2296"
"2021-02-01 00:00:00","assembly","244"
"2021-02-01 00:00:00","c","2229"
"2021-02-01 00:00:00","c#","5755"
"2021-02-01 00:00:00","c++","4069"
"2021-02-01 00:00:00","delphi","189"
"2021-02-01 00:00:00","go","564"
"2021-02-01 00:00:00","java","7524"
"2021-02-01 00:00:00","javascript","15158"
"2021-02-01 00:00:00","perl","133"
"2021-02-01 00:00:00","php","4373"
"2021-02-01 00:00:00","python","21257"
"2021-02-01 00:00:00","r","4309"
"2021-02-01 00:00:00","ruby","528"
"2021-02-01 00:00:00","swift","2244"
"2021-03-01 00:00:00","assembly","317"
"2021-03-01 00:00:00","c","2467"
"2021-03-01 00:00:00","c#","6345"
"2021-03-01 00:00:00","c++","4268"
"2021-03-01 00:00:00","delphi","253"
"2021-03-01 00:00:00","go","751"
"2021-03-01 00:00:00","java","8608"
"2021-03-01 00:00:00","javascript","16645"
"2021-03-01 00:00:00","perl","151"
"2021-03-01 00:00:00","php","4713"
"2021-03-01 00:00:00","python","23661"
"2021-03-01 00:00:00","r","5155"
"2021-03-01 00:00:00","ruby","495"
"2021-03-01 00:00:00","swift","2367"
"2021-04-01 00:00:00","assembly","318"
"2021-04-01 00:00:00","c","2281"
"2021-04-01 00:00:00","c#","5848"
"2021-04-01 00:00:00","c++","3903"
"2021-04-01 00:00:00","delphi","170"
"2021-04-01 00:00:00","go","621"
"2021-04-01 00:00:00","java","7862"
"2021-04-01 00:00:00","javascript","15749"
"2021-04-01 00:00:00","perl","133"
"2021-04-01 00:00:00","php","4287"
"2021-04-01 00:00:00","python","22227"
"2021-04-01 00:00:00","r","4773"
"2021-04-01 00:00:00","ruby","514"
"2021-04-01 00:00:00","swift","2093"
"2021-05-01 00:00:00","assembly","300"
"2021-05-01 00:00:00","c","2068"
"2021-05-01 00:00:00","c#","5690"
"2021-05-01 00:00:00","c++","4149"
"2021-05-01 00:00:00","delphi","167"
"2021-05-01 00:00:00","go","638"
"2021-05-01 00:00:00","java","7889"
"2021-05-01 00:00:00","javascript","15686"
"2021-05-01 00:00:00","perl","120"
"2021-05-01 00:00:00","php","4238"
"2021-05-01 00:00:00","python","22216"
"2021-05-01 00:00:00","r","4648"
"2021-05-01 00:00:00","ruby","398"
"2021-05-01 00:00:00","swift","1844"
"2021-06-01 00:00:00","assembly","257"
"2021-06-01 00:00:00","c","1856"
"2021-06-01 00:00:00","c#","5583"
"2021-06-01 00:00:00","c++","3790"
"2021-06-01 00:00:00","delphi","125"
"2021-06-01 00:00:00","go","605"
"2021-06-01 00:00:00","java","7527"
"2021-06-01 00:00:00","javascript","14869"
"2021-06-01 00:00:00","perl","154"
"2021-06-01 00:00:00","php","4051"
"2021-06-01 00:00:00","python","20713"
"2021-06-01 00:00:00","r","4266"
"2021-06-01 00:00:00","ruby","417"
"2021-06-01 00:00:00","swift","1775"
"2021-07-01 00:00:00","assembly","184"
"2021-07-01 00:00:00","c","1597"
"2021-07-01 00:00:00","c#","5162"
"2021-07-01 00:00:00","c++","3457"
"2021-07-01 00:00:00","delphi","139"
"2021-07-01 00:00:00","go","599"
"2021-07-01 00:00:00","java","6894"
"2021-07-01 00:00:00","javascript","14638"
"2021-07-01 00:00:00","perl","137"
"2021-07-01 00:00:00","php","3869"
"2021-07-01 00:00:00","python","20410"
"2021-07-01 00:00:00","r","4032"
"2021-07-01 00:00:00","ruby","444"
"2021-07-01 00:00:00","swift","1949"
"2021-08-01 00:00:00","assembly","161"
"2021-08-01 00:00:00","c","1514"
"2021-08-01 00:00:00","c#","5071"
"2021-08-01 00:00:00","c++","3214"
"2021-08-01 00:00:00","delphi","133"
"2021-08-01 00:00:00","go","734"
"2021-08-01 00:00:00","java","6685"
"2021-08-01 00:00:00","javascript","14485"
"2021-08-01 00:00:00","perl","118"
"2021-08-01 00:00:00","php","3832"
"2021-08-01 00:00:00","python","19655"
"2021-08-01 00:00:00","r","4019"
"2021-08-01 00:00:00","ruby","445"
"2021-08-01 00:00:00","swift","1877"
"2021-09-01 00:00:00","assembly","190"
"2021-09-01 00:00:00","c","1694"
"2021-09-01 00:00:00","c#","5013"
"2021-09-01 00:00:00","c++","3566"
"2021-09-01 00:00:00","delphi","133"
"2021-09-01 00:00:00","go","615"
"2021-09-01 00:00:00","java","6560"
"2021-09-01 00:00:00","javascript","14308"
"2021-09-01 00:00:00","perl","112"
"2021-09-01 00:00:00","php","3693"
"2021-09-01 00:00:00","python","18856"
"2021-09-01 00:00:00","r","3889"
"2021-09-01 00:00:00","ruby","444"
"2021-09-01 00:00:00","swift","1610"
"2021-10-01 00:00:00","assembly","203"
"2021-10-01 00:00:00","c","2083"
"2021-10-01 00:00:00","c#","5237"
"2021-10-01 00:00:00","c++","3683"
"2021-10-01 00:00:00","delphi","141"
"2021-10-01 00:00:00","go","697"
"2021-10-01 00:00:00","java","6505"
"2021-10-01 00:00:00","javascript","13704"
"2021-10-01 00:00:00","perl","127"
"2021-10-01 00:00:00","php","3568"
"2021-10-01 00:00:00","python","19641"
"2021-10-01 00:00:00","r","4154"
"2021-10-01 00:00:00","ruby","412"
"2021-10-01 00:00:00","swift","1559"
"2021-11-01 00:00:00","assembly","278"
"2021-11-01 00:00:00","c","2195"
"2021-11-01 00:00:00","c#","5543"
"2021-11-01 00:00:00","c++","3776"
"2021-11-01 00:00:00","delphi","138"
"2021-11-01 00:00:00","go","646"
"2021-11-01 00:00:00","java","6853"
"2021-11-01 00:00:00","javascript","13323"
"2021-11-01 00:00:00","perl","76"
"2021-11-01 00:00:00","php","3459"
"2021-11-01 00:00:00","python","19874"
"2021-11-01 00:00:00","r","4012"
"2021-11-01 00:00:00","ruby","390"
"2021-11-01 00:00:00","swift","1525"
"2021-12-01 00:00:00","assembly","261"
"2021-12-01 00:00:00","c","2083"
"2021-12-01 00:00:00","c#","4991"
"2021-12-01 00:00:00","c++","3538"
"2021-12-01 00:00:00","delphi","142"
"2021-12-01 00:00:00","go","710"
"2021-12-01 00:00:00","java","6131"
"2021-12-01 00:00:00","javascript","12958"
"2021-12-01 00:00:00","perl","100"
"2021-12-01 00:00:00","php","3212"
"2021-12-01 00:00:00","python","18863"
"2021-12-01 00:00:00","r","3531"
"2021-12-01 00:00:00","ruby","365"
"2021-12-01 00:00:00","swift","1409"
"2022-01-01 00:00:00","assembly","225"
"2022-01-01 00:00:00","c","1935"
"2022-01-01 00:00:00","c#","5228"
"2022-01-01 00:00:00","c++","3577"
"2022-01-01 00:00:00","delphi","132"
"2022-01-01 00:00:00","go","736"
"2022-01-01 00:00:00","java","6372"
"2022-01-01 00:00:00","javascript","13830"
"2022-01-01 00:00:00","perl","126"
"2022-01-01 00:00:00","php","3350"
"2022-01-01 00:00:00","python","19519"
"2022-01-01 00:00:00","r","3837"
"2022-01-01 00:00:00","ruby","441"
"2022-01-01 00:00:00","swift","1718"
"2022-02-01 00:00:00","assembly","209"
"2022-02-01 00:00:00","c","1656"
"2022-02-01 00:00:00","c#","5047"
"2022-02-01 00:00:00","c++","3155"
"2022-02-01 00:00:00","delphi","166"
"2022-02-01 00:00:00","go","639"
"2022-02-01 00:00:00","java","5853"
"2022-02-01 00:00:00","javascript","12673"
"2022-02-01 00:00:00","perl","94"
"2022-02-01 00:00:00","php","3074"
"2022-02-01 00:00:00","python","19089"
"2022-02-01 00:00:00","r","3894"
"2022-02-01 00:00:00","ruby","402"
"2022-02-01 00:00:00","swift","1584"
"2022-03-01 00:00:00","assembly","232"
"2022-03-01 00:00:00","c","1928"
"2022-03-01 00:00:00","c#","5620"
"2022-03-01 00:00:00","c++","3473"
"2022-03-01 00:00:00","delphi","119"
"2022-03-01 00:00:00","go","753"
"2022-03-01 00:00:00","java","6508"
"2022-03-01 00:00:00","javascript","13457"
"2022-03-01 00:00:00","perl","103"
"2022-03-01 00:00:00","php","3105"
"2022-03-01 00:00:00","python","20550"
"2022-03-01 00:00:00","r","4469"
"2022-03-01 00:00:00","ruby","441"
"2022-03-01 00:00:00","swift","1727"
"2022-04-01 00:00:00","assembly","244"
"2022-04-01 00:00:00","c","1724"
"2022-04-01 00:00:00","c#","5162"
"2022-04-01 00:00:00","c++","3422"
"2022-04-01 00:00:00","delphi","112"
"2022-04-01 00:00:00","go","705"
"2022-04-01 00:00:00","java","6292"
"2022-04-01 00:00:00","javascript","13325"
"2022-04-01 00:00:00","perl","100"
"2022-04-01 00:00:00","php","3139"
"2022-04-01 00:00:00","python","19637"
"2022-04-01 00:00:00","r","4166"
"2022-04-01 00:00:00","ruby","431"
"2022-04-01 00:00:00","swift","1437"
"2022-05-01 00:00:00","assembly","247"
"2022-05-01 00:00:00","c","1743"
"2022-05-01 00:00:00","c#","5453"
"2022-05-01 00:00:00","c++","3470"
"2022-05-01 00:00:00","delphi","118"
"2022-05-01 00:00:00","go","601"
"2022-05-01 00:00:00","java","6399"
"2022-05-01 00:00:00","javascript","13152"
"2022-05-01 00:00:00","perl","90"
"2022-05-01 00:00:00","php","3327"
"2022-05-01 00:00:00","python","19205"
"2022-05-01 00:00:00","r","4121"
"2022-05-01 00:00:00","ruby","435"
"2022-05-01 00:00:00","swift","1444"
"2022-06-01 00:00:00","assembly","234"
"2022-06-01 00:00:00","c","1545"
"2022-06-01 00:00:00","c#","5262"
"2022-06-01 00:00:00","c++","3025"
"2022-06-01 00:00:00","delphi","110"
"2022-06-01 00:00:00","go","672"
"2022-06-01 00:00:00","java","5636"
"2022-06-01 00:00:00","javascript","12463"
"2022-06-01 00:00:00","perl","123"
"2022-06-01 00:00:00","php","3150"
"2022-06-01 00:00:00","python","18565"
"2022-06-01 00:00:00","r","3870"
"2022-06-01 00:00:00","ruby","423"
"2022-06-01 00:00:00","swift","1496"
"2022-07-01 00:00:00","assembly","202"
"2022-07-01 00:00:00","c","1366"
"2022-07-01 00:00:00","c#","5191"
"2022-07-01 00:00:00","c++","2948"
"2022-07-01 00:00:00","delphi","117"
"2022-07-01 00:00:00","go","678"
"2022-07-01 00:00:00","java","5348"
"2022-07-01 00:00:00","javascript","12604"
"2022-07-01 00:00:00","perl","124"
"2022-07-01 00:00:00","php","3057"
"2022-07-01 00:00:00","python","18858"
"2022-07-01 00:00:00","r","3643"
"2022-07-01 00:00:00","ruby","403"
"2022-07-01 00:00:00","swift","1460"
"2022-08-01 00:00:00","assembly","160"
"2022-08-01 00:00:00","c","1423"
"2022-08-01 00:00:00","c#","5434"
"2022-08-01 00:00:00","c++","2909"
"2022-08-01 00:00:00","delphi","114"
"2022-08-01 00:00:00","go","786"
"2022-08-01 00:00:00","java","5239"
"2022-08-01 00:00:00","javascript","12945"
"2022-08-01 00:00:00","perl","116"
"2022-08-01 00:00:00","php","3088"
"2022-08-01 00:00:00","python","18503"
"2022-08-01 00:00:00","r","3763"
"2022-08-01 00:00:00","ruby","424"
"2022-08-01 00:00:00","swift","1464"
"2022-09-01 00:00:00","assembly","170"
"2022-09-01 00:00:00","c","1519"
"2022-09-01 00:00:00","c#","4951"
"2022-09-01 00:00:00","c++","2739"
"2022-09-01 00:00:00","delphi","133"
"2022-09-01 00:00:00","go","783"
"2022-09-01 00:00:00","java","4977"
"2022-09-01 00:00:00","javascript","11759"
"2022-09-01 00:00:00","perl","82"
"2022-09-01 00:00:00","php","2797"
"2022-09-01 00:00:00","python","16924"
"2022-09-01 00:00:00","r","3519"
"2022-09-01 00:00:00","ruby","398"
"2022-09-01 00:00:00","swift","1483"
"2022-10-01 00:00:00","assembly","214"
"2022-10-01 00:00:00","c","1855"
"2022-10-01 00:00:00","c#","4988"
"2022-10-01 00:00:00","c++","2878"
"2022-10-01 00:00:00","delphi","136"
"2022-10-01 00:00:00","go","674"
"2022-10-01 00:00:00","java","5224"
"2022-10-01 00:00:00","javascript","11492"
"2022-10-01 00:00:00","perl","80"
"2022-10-01 00:00:00","php","2726"
"2022-10-01 00:00:00","python","18333"
"2022-10-01 00:00:00","r","3898"
"2022-10-01 00:00:00","ruby","371"
"2022-10-01 00:00:00","swift","1321"
"2022-11-01 00:00:00","assembly","266"
"2022-11-01 00:00:00","c","1975"
"2022-11-01 00:00:00","c#","5125"
"2022-11-01 00:00:00","c++","2919"
"2022-11-01 00:00:00","delphi","107"
"2022-11-01 00:00:00","go","692"
"2022-11-01 00:00:00","java","5346"
"2022-11-01 00:00:00","javascript","11592"
"2022-11-01 00:00:00","perl","107"
"2022-11-01 00:00:00","php","2744"
"2022-11-01 00:00:00","python","18663"
"2022-11-01 00:00:00","r","3973"
"2022-11-01 00:00:00","ruby","412"
"2022-11-01 00:00:00","swift","1373"
"2022-12-01 00:00:00","assembly","249"
"2022-12-01 00:00:00","c","1699"
"2022-12-01 00:00:00","c#","4615"
"2022-12-01 00:00:00","c++","2567"
"2022-12-01 00:00:00","delphi","81"
"2022-12-01 00:00:00","go","594"
"2022-12-01 00:00:00","java","4736"
"2022-12-01 00:00:00","javascript","10122"
"2022-12-01 00:00:00","perl","93"
"2022-12-01 00:00:00","php","2327"
"2022-12-01 00:00:00","python","15678"
"2022-12-01 00:00:00","r","3192"
"2022-12-01 00:00:00","ruby","340"
"2022-12-01 00:00:00","swift","1216"
"2023-01-01 00:00:00","assembly","219"
"2023-01-01 00:00:00","c","1414"
"2023-01-01 00:00:00","c#","4660"
"2023-01-01 00:00:00","c++","2373"
"2023-01-01 00:00:00","delphi","107"
"2023-01-01 00:00:00","go","686"
"2023-01-01 00:00:00","java","4628"
"2023-01-01 00:00:00","javascript","9899"
"2023-01-01 00:00:00","perl","71"
"2023-01-01 00:00:00","php","2499"
"2023-01-01 00:00:00","python","14814"
"2023-01-01 00:00:00","r","3238"
"2023-01-01 00:00:00","ruby","325"
"2023-01-01 00:00:00","swift","1194"
"2023-02-01 00:00:00","assembly","164"
"2023-02-01 00:00:00","c","1208"
"2023-02-01 00:00:00","c#","4092"
"2023-02-01 00:00:00","c++","2009"
"2023-02-01 00:00:00","delphi","121"
"2023-02-01 00:00:00","go","617"
"2023-02-01 00:00:00","java","4045"
"2023-02-01 00:00:00","javascript","8377"
"2023-02-01 00:00:00","perl","77"
"2023-02-01 00:00:00","php","1985"
"2023-02-01 00:00:00","python","12898"
"2023-02-01 00:00:00","r","3231"
"2023-02-01 00:00:00","ruby","311"
"2023-02-01 00:00:00","swift","1058"
"2023-03-01 00:00:00","assembly","156"
"2023-03-01 00:00:00","c","1163"
"2023-03-01 00:00:00","c#","4206"
"2023-03-01 00:00:00","c++","2299"
"2023-03-01 00:00:00","delphi","120"
"2023-03-01 00:00:00","go","590"
"2023-03-01 00:00:00","java","4398"
"2023-03-01 00:00:00","javascript","8365"
"2023-03-01 00:00:00","perl","93"
"2023-03-01 00:00:00","php","1871"
"2023-03-01 00:00:00","python","12668"
"2023-03-01 00:00:00","r","3259"
"2023-03-01 00:00:00","ruby","262"
"2023-03-01 00:00:00","swift","1122"
"2023-04-01 00:00:00","assembly","175"
"2023-04-01 00:00:00","c","1084"
"2023-04-01 00:00:00","c#","3283"
"2023-04-01 00:00:00","c++","1753"
"2023-04-01 00:00:00","delphi","113"
"2023-04-01 00:00:00","go","476"
"2023-04-01 00:00:00","java","3544"
"2023-04-01 00:00:00","javascript","6481"
"2023-04-01 00:00:00","perl","55"
"2023-04-01 00:00:00","php","1568"
"2023-04-01 00:00:00","python","9965"
"2023-04-01 00:00:00","r","2567"
"2023-04-01 00:00:00","ruby","198"
"2023-04-01 00:00:00","swift","888"
"2023-05-01 00:00:00","assembly","154"
"2023-05-01 00:00:00","c","968"
"2023-05-01 00:00:00","c#","3199"
"2023-05-01 00:00:00","c++","1600"
"2023-05-01 00:00:00","delphi","100"
"2023-05-01 00:00:00","go","390"
"2023-05-01 00:00:00","java","3263"
"2023-05-01 00:00:00","javascript","6050"
"2023-05-01 00:00:00","perl","52"
"2023-05-01 00:00:00","php","1580"
"2023-05-01 00:00:00","python","9450"
"2023-05-01 00:00:00","r","2337"
"2023-05-01 00:00:00","ruby","220"
"2023-05-01 00:00:00","swift","799"
"2023-06-01 00:00:00","assembly","138"
"2023-06-01 00:00:00","c","807"
"2023-06-01 00:00:00","c#","3217"
"2023-06-01 00:00:00","c++","1630"
"2023-06-01 00:00:00","delphi","106"
"2023-06-01 00:00:00","go","492"
"2023-06-01 00:00:00","java","3274"
"2023-06-01 00:00:00","javascript","5819"
"2023-06-01 00:00:00","perl","54"
"2023-06-01 00:00:00","php","1529"
"2023-06-01 00:00:00","python","8983"
"2023-06-01 00:00:00","r","2194"
"2023-06-01 00:00:00","ruby","189"
"2023-06-01 00:00:00","swift","923"
"2023-07-01 00:00:00","assembly","150"
"2023-07-01 00:00:00","c","832"
"2023-07-01 00:00:00","c#","3251"
"2023-07-01 00:00:00","c++","1645"
"2023-07-01 00:00:00","delphi","92"
"2023-07-01 00:00:00","go","486"
"2023-07-01 00:00:00","java","3115"
"2023-07-01 00:00:00","javascript","5861"
"2023-07-01 00:00:00","perl","65"
"2023-07-01 00:00:00","php","1433"
"2023-07-01 00:00:00","python","8945"
"2023-07-01 00:00:00","r","2009"
"2023-07-01 00:00:00","ruby","200"
"2023-07-01 00:00:00","swift","932"
"2023-08-01 00:00:00","assembly","133"
"2023-08-01 00:00:00","c","787"
"2023-08-01 00:00:00","c#","3066"
"2023-08-01 00:00:00","c++","1503"
"2023-08-01 00:00:00","delphi","93"
"2023-08-01 00:00:00","go","460"
"2023-08-01 00:00:00","java","3012"
"2023-08-01 00:00:00","javascript","5166"
"2023-08-01 00:00:00","perl","48"
"2023-08-01 00:00:00","php","1480"
"2023-08-01 00:00:00","python","8159"
"2023-08-01 00:00:00","r","1979"
"2023-08-01 00:00:00","ruby","174"
"2023-08-01 00:00:00","swift","765"
"2023-09-01 00:00:00","assembly","133"
"2023-09-01 00:00:00","c","806"
"2023-09-01 00:00:00","c#","2629"
"2023-09-01 00:00:00","c++","1376"
"2023-09-01 00:00:00","delphi","98"
"2023-09-01 00:00:00","go","395"
"2023-09-01 00:00:00","java","2647"
"2023-09-01 00:00:00","javascript","4441"
"2023-09-01 00:00:00","perl","58"
"2023-09-01 00:00:00","php","1357"
"2023-09-01 00:00:00","python","6883"
"2023-09-01 00:00:00","r","1723"
"2023-09-01 00:00:00","ruby","164"
"2023-09-01 00:00:00","swift","712"
"2023-10-01 00:00:00","assembly","153"
"2023-10-01 00:00:00","c","872"
"2023-10-01 00:00:00","c#","2606"
"2023-10-01 00:00:00","c++","1523"
"2023-10-01 00:00:00","delphi","143"
"2023-10-01 00:00:00","go","391"
"2023-10-01 00:00:00","java","2625"
"2023-10-01 00:00:00","javascript","4102"
"2023-10-01 00:00:00","perl","52"
"2023-10-01 00:00:00","php","1183"
"2023-10-01 00:00:00","python","7020"
"2023-10-01 00:00:00","r","1707"
"2023-10-01 00:00:00","ruby","163"
"2023-10-01 00:00:00","swift","727"
"2023-11-01 00:00:00","assembly","155"
"2023-11-01 00:00:00","c","880"
"2023-11-01 00:00:00","c#","2614"
"2023-11-01 00:00:00","c++","1304"
"2023-11-01 00:00:00","delphi","97"
"2023-11-01 00:00:00","go","381"
"2023-11-01 00:00:00","java","2546"
"2023-11-01 00:00:00","javascript","3951"
"2023-11-01 00:00:00","perl","43"
"2023-11-01 00:00:00","php","1161"
"2023-11-01 00:00:00","python","6657"
"2023-11-01 00:00:00","r","1646"
"2023-11-01 00:00:00","ruby","132"
"2023-11-01 00:00:00","swift","704"
"2023-12-01 00:00:00","assembly","163"
"2023-12-01 00:00:00","c","802"
"2023-12-01 00:00:00","c#","2230"
"2023-12-01 00:00:00","c++","1277"
"2023-12-01 00:00:00","delphi","69"
"2023-12-01 00:00:00","go","308"
"2023-12-01 00:00:00","java","2002"
"2023-12-01 00:00:00","javascript","3638"
"2023-12-01 00:00:00","perl","53"
"2023-12-01 00:00:00","php","976"
"2023-12-01 00:00:00","python","5523"
"2023-12-01 00:00:00","r","1335"
"2023-12-01 00:00:00","ruby","129"
"2023-12-01 00:00:00","swift","596"
"2024-01-01 00:00:00","assembly","161"
"2024-01-01 00:00:00","c","779"
"2024-01-01 00:00:00","c#","2285"
"2024-01-01 00:00:00","c++","1407"
"2024-01-01 00:00:00","delphi","83"
"2024-01-01 00:00:00","go","312"
"2024-01-01 00:00:00","java","2223"
"2024-01-01 00:00:00","javascript","3953"
"2024-01-01 00:00:00","perl","33"
"2024-01-01 00:00:00","php","1114"
"2024-01-01 00:00:00","python","6135"
"2024-01-01 00:00:00","r","1545"
"2024-01-01 00:00:00","ruby","146"
"2024-01-01 00:00:00","swift","696"
"2024-02-01 00:00:00","assembly","118"
"2024-02-01 00:00:00","c","715"
"2024-02-01 00:00:00","c#","2284"
"2024-02-01 00:00:00","c++","1294"
"2024-02-01 00:00:00","delphi","102"
"2024-02-01 00:00:00","go","284"
"2024-02-01 00:00:00","java","2175"
"2024-02-01 00:00:00","javascript","3583"
"2024-02-01 00:00:00","perl","36"
"2024-02-01 00:00:00","php","1029"
"2024-02-01 00:00:00","python","6108"
"2024-02-01 00:00:00","r","1534"
"2024-02-01 00:00:00","ruby","135"
"2024-02-01 00:00:00","swift","592"
"2024-03-01 00:00:00","assembly","127"
"2024-03-01 00:00:00","c","679"
"2024-03-01 00:00:00","c#","2246"
"2024-03-01 00:00:00","c++","1216"
"2024-03-01 00:00:00","delphi","91"
"2024-03-01 00:00:00","go","301"
"2024-03-01 00:00:00","java","2232"
"2024-03-01 00:00:00","javascript","3641"
"2024-03-01 00:00:00","perl","47"
"2024-03-01 00:00:00","php","1114"
"2024-03-01 00:00:00","python","5828"
"2024-03-01 00:00:00","r","1429"
"2024-03-01 00:00:00","ruby","120"
"2024-03-01 00:00:00","swift","594"
"2024-04-01 00:00:00","assembly","170"
"2024-04-01 00:00:00","c","660"
"2024-04-01 00:00:00","c#","2257"
"2024-04-01 00:00:00","c++","1160"
"2024-04-01 00:00:00","delphi","101"
"2024-04-01 00:00:00","go","288"
"2024-04-01 00:00:00","java","2020"
"2024-04-01 00:00:00","javascript","3198"
"2024-04-01 00:00:00","perl","25"
"2024-04-01 00:00:00","php","963"
"2024-04-01 00:00:00","python","5727"
"2024-04-01 00:00:00","r","1320"
"2024-04-01 00:00:00","ruby","109"
"2024-04-01 00:00:00","swift","574"
"2024-05-01 00:00:00","assembly","148"
"2024-05-01 00:00:00","c","604"
"2024-05-01 00:00:00","c#","2029"
"2024-05-01 00:00:00","c++","1265"
"2024-05-01 00:00:00","delphi","88"
"2024-05-01 00:00:00","go","252"
"2024-05-01 00:00:00","java","1772"
"2024-05-01 00:00:00","javascript","3059"
"2024-05-01 00:00:00","perl","38"
"2024-05-01 00:00:00","php","902"
"2024-05-01 00:00:00","python","5397"
"2024-05-01 00:00:00","r","1171"
"2024-05-01 00:00:00","ruby","98"
"2024-05-01 00:00:00","swift","491"
"2024-06-01 00:00:00","assembly","82"
"2024-06-01 00:00:00","c","493"
"2024-06-01 00:00:00","c#","1657"
"2024-06-01 00:00:00","c++","973"
"2024-06-01 00:00:00","delphi","63"
"2024-06-01 00:00:00","go","213"
"2024-06-01 00:00:00","java","1390"
"2024-06-01 00:00:00","javascript","2238"
"2024-06-01 00:00:00","perl","29"
"2024-06-01 00:00:00","php","760"
"2024-06-01 00:00:00","python","4159"
"2024-06-01 00:00:00","r","942"
"2024-06-01 00:00:00","ruby","91"
"2024-06-01 00:00:00","swift","473"
"2024-07-01 00:00:00","assembly","86"
"2024-07-01 00:00:00","c","511"
"2024-07-01 00:00:00","c#","1741"
"2024-07-01 00:00:00","c++","1006"
"2024-07-01 00:00:00","delphi","51"
"2024-07-01 00:00:00","go","238"
"2024-07-01 00:00:00","java","1229"
"2024-07-01 00:00:00","javascript","2164"
"2024-07-01 00:00:00","perl","30"
"2024-07-01 00:00:00","php","694"
"2024-07-01 00:00:00","python","4077"
"2024-07-01 00:00:00","r","909"
"2024-07-01 00:00:00","ruby","85"
"2024-07-01 00:00:00","swift","466"
"2024-08-01 00:00:00","assembly","104"
"2024-08-01 00:00:00","c","455"
"2024-08-01 00:00:00","c#","1576"
"2024-08-01 00:00:00","c++","934"
"2024-08-01 00:00:00","delphi","71"
"2024-08-01 00:00:00","go","187"
"2024-08-01 00:00:00","java","999"
"2024-08-01 00:00:00","javascript","1938"
"2024-08-01 00:00:00","perl","41"
"2024-08-01 00:00:00","php","638"
"2024-08-01 00:00:00","python","3601"
"2024-08-01 00:00:00","r","767"
"2024-08-01 00:00:00","ruby","98"
"2024-08-01 00:00:00","swift","423"
"2024-09-01 00:00:00","assembly","81"
"2024-09-01 00:00:00","c","421"
"2024-09-01 00:00:00","c#","1334"
"2024-09-01 00:00:00","c++","894"
"2024-09-01 00:00:00","delphi","59"
"2024-09-01 00:00:00","go","142"
"2024-09-01 00:00:00","java","1052"
"2024-09-01 00:00:00","javascript","1679"
"2024-09-01 00:00:00","perl","26"
"2024-09-01 00:00:00","php","516"
"2024-09-01 00:00:00","python","2933"
"2024-09-01 00:00:00","r","659"
"2024-09-01 00:00:00","ruby","69"
"2024-09-01 00:00:00","swift","381"
"2024-10-01 00:00:00","assembly","84"
"2024-10-01 00:00:00","c","447"
"2024-10-01 00:00:00","c#","1346"
"2024-10-01 00:00:00","c++","848"
"2024-10-01 00:00:00","delphi","76"
"2024-10-01 00:00:00","go","168"
"2024-10-01 00:00:00","java","1229"
"2024-10-01 00:00:00","javascript","1458"
"2024-10-01 00:00:00","perl","21"
"2024-10-01 00:00:00","php","547"
"2024-10-01 00:00:00","python","2721"
"2024-10-01 00:00:00","r","687"
"2024-10-01 00:00:00","ruby","49"
"2024-10-01 00:00:00","swift","369"
"2024-11-01 00:00:00","assembly","93"
"2024-11-01 00:00:00","c","390"
"2024-11-01 00:00:00","c#","1182"
"2024-11-01 00:00:00","c++","789"
"2024-11-01 00:00:00","delphi","52"
"2024-11-01 00:00:00","go","112"
"2024-11-01 00:00:00","java","1002"
"2024-11-01 00:00:00","javascript","1286"
"2024-11-01 00:00:00","perl","20"
"2024-11-01 00:00:00","php","460"
"2024-11-01 00:00:00","python","2501"
"2024-11-01 00:00:00","r","623"
"2024-11-01 00:00:00","ruby","66"
"2024-11-01 00:00:00","swift","328"
"2024-12-01 00:00:00","assembly","90"
"2024-12-01 00:00:00","c","320"
"2024-12-01 00:00:00","c#","909"
"2024-12-01 00:00:00","c++","628"
"2024-12-01 00:00:00","delphi","38"
"2024-12-01 00:00:00","go","107"
"2024-12-01 00:00:00","java","942"
"2024-12-01 00:00:00","javascript","1121"
"2024-12-01 00:00:00","perl","24"
"2024-12-01 00:00:00","php","368"
"2024-12-01 00:00:00","python","2163"
"2024-12-01 00:00:00","r","493"
"2024-12-01 00:00:00","ruby","45"
"2024-12-01 00:00:00","swift","265"
"2025-01-01 00:00:00","assembly","67"
"2025-01-01 00:00:00","c","316"
"2025-01-01 00:00:00","c#","989"
"2025-01-01 00:00:00","c++","646"
"2025-01-01 00:00:00","delphi","53"
"2025-01-01 00:00:00","go","129"
"2025-01-01 00:00:00","java","924"
"2025-01-01 00:00:00","javascript","1144"
"2025-01-01 00:00:00","perl","24"
"2025-01-01 00:00:00","php","435"
"2025-01-01 00:00:00","python","2165"
"2025-01-01 00:00:00","r","489"
"2025-01-01 00:00:00","ruby","46"
"2025-01-01 00:00:00","swift","286"
"2025-02-01 00:00:00","assembly","53"
"2025-02-01 00:00:00","c","268"
"2025-02-01 00:00:00","c#","848"
"2025-02-01 00:00:00","c++","559"
"2025-02-01 00:00:00","delphi","53"
"2025-02-01 00:00:00","go","89"
"2025-02-01 00:00:00","java","757"
"2025-02-01 00:00:00","javascript","906"
"2025-02-01 00:00:00","perl","15"
"2025-02-01 00:00:00","php","297"
"2025-02-01 00:00:00","python","1804"
"2025-02-01 00:00:00","r","465"
"2025-02-01 00:00:00","ruby","46"
"2025-02-01 00:00:00","swift","257"
"2025-03-01 00:00:00","assembly","52"
"2025-03-01 00:00:00","c","302"
"2025-03-01 00:00:00","c#","799"
"2025-03-01 00:00:00","c++","648"
"2025-03-01 00:00:00","delphi","52"
"2025-03-01 00:00:00","go","89"
"2025-03-01 00:00:00","java","720"
"2025-03-01 00:00:00","javascript","890"
"2025-03-01 00:00:00","perl","16"
"2025-03-01 00:00:00","php","302"
"2025-03-01 00:00:00","python","1848"
"2025-03-01 00:00:00","r","464"
"2025-03-01 00:00:00","ruby","42"
"2025-03-01 00:00:00","swift","246"
"2025-04-01 00:00:00","assembly","46"
"2025-04-01 00:00:00","c","197"
"2025-04-01 00:00:00","c#","558"
"2025-04-01 00:00:00","c++","482"
"2025-04-01 00:00:00","delphi","34"
"2025-04-01 00:00:00","go","59"
"2025-04-01 00:00:00","java","646"
"2025-04-01 00:00:00","javascript","627"
"2025-04-01 00:00:00","perl","15"
"2025-04-01 00:00:00","php","212"
"2025-04-01 00:00:00","python","1465"
"2025-04-01 00:00:00","r","375"
"2025-04-01 00:00:00","ruby","30"
"2025-04-01 00:00:00","swift","184"
"2025-05-01 00:00:00","assembly","33"
"2025-05-01 00:00:00","c","195"
"2025-05-01 00:00:00","c#","475"
"2025-05-01 00:00:00","c++","427"
"2025-05-01 00:00:00","delphi","34"
"2025-05-01 00:00:00","go","49"
"2025-05-01 00:00:00","java","500"
"2025-05-01 00:00:00","javascript","518"
"2025-05-01 00:00:00","perl","16"
"2025-05-01 00:00:00","php","210"
"2025-05-01 00:00:00","python","1204"
"2025-05-01 00:00:00","r","263"
"2025-05-01 00:00:00","ruby","25"
"2025-05-01 00:00:00","swift","162"
"2025-06-01 00:00:00","assembly","34"
"2025-06-01 00:00:00","c","167"
"2025-06-01 00:00:00","c#","416"
"2025-06-01 00:00:00","c++","377"
"2025-06-01 00:00:00","delphi","32"
"2025-06-01 00:00:00","go","45"
"2025-06-01 00:00:00","java","356"
"2025-06-01 00:00:00","javascript","402"
"2025-06-01 00:00:00","perl","15"
"2025-06-01 00:00:00","php","150"
"2025-06-01 00:00:00","python","931"
"2025-06-01 00:00:00","r","245"
"2025-06-01 00:00:00","ruby","24"
"2025-06-01 00:00:00","swift","124"
"2025-07-01 00:00:00","assembly","34"
"2025-07-01 00:00:00","c","146"
"2025-07-01 00:00:00","c#","403"
"2025-07-01 00:00:00","c++","327"
"2025-07-01 00:00:00","delphi","27"
"2025-07-01 00:00:00","go","17"
"2025-07-01 00:00:00","java","351"
"2025-07-01 00:00:00","javascript","375"
"2025-07-01 00:00:00","perl","15"
"2025-07-01 00:00:00","php","99"
"2025-07-01 00:00:00","python","883"
"2025-07-01 00:00:00","r","202"
"2025-07-01 00:00:00","ruby","12"
"2025-07-01 00:00:00","swift","141"
"2025-08-01 00:00:00","assembly","22"
"2025-08-01 00:00:00","c","119"
"2025-08-01 00:00:00","c#","314"
"2025-08-01 00:00:00","c++","289"
"2025-08-01 00:00:00","delphi","34"
"2025-08-01 00:00:00","go","40"
"2025-08-01 00:00:00","java","273"
"2025-08-01 00:00:00","javascript","282"
"2025-08-01 00:00:00","perl","5"
"2025-08-01 00:00:00","php","81"
"2025-08-01 00:00:00","python","706"
"2025-08-01 00:00:00","r","156"
"2025-08-01 00:00:00","ruby","16"
"2025-08-01 00:00:00","swift","88"
"2025-09-01 00:00:00","assembly","22"
"2025-09-01 00:00:00","c","122"
"2025-09-01 00:00:00","c#","283"
"2025-09-01 00:00:00","c++","248"
"2025-09-01 00:00:00","delphi","21"
"2025-09-01 00:00:00","go","33"
"2025-09-01 00:00:00","java","294"
"2025-09-01 00:00:00","javascript","283"
"2025-09-01 00:00:00","perl","8"
"2025-09-01 00:00:00","php","109"
"2025-09-01 00:00:00","python","671"
"2025-09-01 00:00:00","r","148"
"2025-09-01 00:00:00","ruby","13"
"2025-09-01 00:00:00","swift","120"
"2025-10-01 00:00:00","assembly","40"
"2025-10-01 00:00:00","c","116"
"2025-10-01 00:00:00","c#","280"
"2025-10-01 00:00:00","c++","229"
"2025-10-01 00:00:00","delphi","22"
"2025-10-01 00:00:00","go","32"
"2025-10-01 00:00:00","java","260"
"2025-10-01 00:00:00","javascript","257"
"2025-10-01 00:00:00","perl","7"
"2025-10-01 00:00:00","php","91"
"2025-10-01 00:00:00","python","631"
"2025-10-01 00:00:00","r","183"
"2025-10-01 00:00:00","ruby","10"
"2025-10-01 00:00:00","swift","127"
"2025-11-01 00:00:00","assembly","17"
"2025-11-01 00:00:00","c","101"
"2025-11-01 00:00:00","c#","247"
"2025-11-01 00:00:00","c++","207"
"2025-11-01 00:00:00","delphi","14"
"2025-11-01 00:00:00","go","28"
"2025-11-01 00:00:00","java","240"
"2025-11-01 00:00:00","javascript","213"
"2025-11-01 00:00:00","perl","2"
"2025-11-01 00:00:00","php","77"
"2025-11-01 00:00:00","python","521"
"2025-11-01 00:00:00","r","128"
"2025-11-01 00:00:00","ruby","9"
"2025-11-01 00:00:00","swift","102"
"2025-12-01 00:00:00","assembly","19"
"2025-12-01 00:00:00","c","67"
"2025-12-01 00:00:00","c#","189"
"2025-12-01 00:00:00","c++","149"
"2025-12-01 00:00:00","delphi","16"
"2025-12-01 00:00:00","go","20"
"2025-12-01 00:00:00","java","188"
"2025-12-01 00:00:00","javascript","148"
"2025-12-01 00:00:00","perl","6"
"2025-12-01 00:00:00","php","53"
"2025-12-01 00:00:00","python","404"
"2025-12-01 00:00:00","r","97"
"2025-12-01 00:00:00","ruby","6"
"2025-12-01 00:00:00","swift","88"
"2026-01-01 00:00:00","assembly","19"
"2026-01-01 00:00:00","c","81"
"2026-01-01 00:00:00","c#","152"
"2026-01-01 00:00:00","c++","142"
"2026-01-01 00:00:00","delphi","19"
"2026-01-01 00:00:00","go","23"
"2026-01-01 00:00:00","java","153"
"2026-01-01 00:00:00","javascript","158"
"2026-01-01 00:00:00","perl","4"
"2026-01-01 00:00:00","php","44"
"2026-01-01 00:00:00","python","344"
"2026-01-01 00:00:00","r","67"
"2026-01-01 00:00:00","ruby","7"
"2026-01-01 00:00:00","swift","61"
"2026-02-01 00:00:00","assembly","11"
"2026-02-01 00:00:00","c","57"
"2026-02-01 00:00:00","c#","136"
"2026-02-01 00:00:00","c++","122"
"2026-02-01 00:00:00","delphi","17"
"2026-02-01 00:00:00","go","9"
"2026-02-01 00:00:00","java","110"
"2026-02-01 00:00:00","javascript","83"
"2026-02-01 00:00:00","perl","7"
"2026-02-01 00:00:00","php","33"
"2026-02-01 00:00:00","python","260"
"2026-02-01 00:00:00","r","79"
"2026-02-01 00:00:00","ruby","3"
"2026-02-01 00:00:00","swift","66"
"2026-03-01 00:00:00","assembly","15"
"2026-03-01 00:00:00","c","62"
"2026-03-01 00:00:00","c#","96"
"2026-03-01 00:00:00","c++","113"
"2026-03-01 00:00:00","delphi","5"
"2026-03-01 00:00:00","go","7"
"2026-03-01 00:00:00","java","92"
"2026-03-01 00:00:00","javascript","90"
"2026-03-01 00:00:00","perl","4"
"2026-03-01 00:00:00","php","36"
"2026-03-01 00:00:00","python","222"
"2026-03-01 00:00:00","r","55"
"2026-03-01 00:00:00","ruby","8"
"2026-03-01 00:00:00","swift","35"
"2026-04-01 00:00:00","assembly","12"
"2026-04-01 00:00:00","c","43"
"2026-04-01 00:00:00","c#","89"
"2026-04-01 00:00:00","c++","81"
"2026-04-01 00:00:00","delphi","4"
"2026-04-01 00:00:00","go","4"
"2026-04-01 00:00:00","java","75"
"2026-04-01 00:00:00","javascript","86"
"2026-04-01 00:00:00","perl","7"
"2026-04-01 00:00:00","php","21"
"2026-04-01 00:00:00","python","166"
"2026-04-01 00:00:00","r","66"
"2026-04-01 00:00:00","ruby","1"
"2026-04-01 00:00:00","swift","29"
"2026-05-01 00:00:00","assembly","8"
"2026-05-01 00:00:00","c","40"
"2026-05-01 00:00:00","c#","61"
"2026-05-01 00:00:00","c++","93"
"2026-05-01 00:00:00","delphi","3"
"2026-05-01 00:00:00","go","6"
"2026-05-01 00:00:00","java","75"
"2026-05-01 00:00:00","javascript","73"
"2026-05-01 00:00:00","perl","5"
"2026-05-01 00:00:00","php","25"
"2026-05-01 00:00:00","python","138"
"2026-05-01 00:00:00","r","35"
"2026-05-01 00:00:00","ruby","1"
"2026-05-01 00:00:00","swift","29"
"2026-06-01 00:00:00","assembly","5"
"2026-06-01 00:00:00","c","36"
"2026-06-01 00:00:00","c#","67"
"2026-06-01 00:00:00","c++","65"
"2026-06-01 00:00:00","delphi","8"
"2026-06-01 00:00:00","go","3"
"2026-06-01 00:00:00","java","57"
"2026-06-01 00:00:00","javascript","55"
"2026-06-01 00:00:00","perl","5"
"2026-06-01 00:00:00","php","19"
"2026-06-01 00:00:00","python","146"
"2026-06-01 00:00:00","r","27"
"2026-06-01 00:00:00","ruby","1"
"2026-06-01 00:00:00","swift","28"